K,M,N,achieved_gbps,achieved_tops,attainable_tops,bound,compute_fraction,compute_roof,feed_roof,intensity_ops_per_byte,kernel,kernel_median_us,layer,memory_fraction,memory_roof,model,regime,roof_fraction,scheme,storage,suite,variant
4096,2048,4096,4.2404783315064005,6.904446905182694,27.295440545122588,compute,0.2529523893841841,alu_fp16,,1628.223602484472,linear_q4gsw_tiled_texture3d_texture2d_half,9952.93,wq_wo,0.009114785794311074,global_read,llama-3.1-8b,prefill,0.2529523893841841,4w,texture3d,linear,tiled
4096,2048,4096,3.514638419772826,5.722617229272843,27.295440545122588,compute,0.20965469378714294,alu_fp16,,1628.223602484472,linear_q4gsw_tiled_buffer_texture2d_half,12008.4,wq_wo,0.007554613851618245,global_read,llama-3.1-8b,prefill,0.20965469378714294,4w,buffer,linear,tiled
4096,2048,1024,8.66310219702445,6.43337184797954,27.295440545122588,compute,0.23569401040970253,alu_fp16,,742.6175637393768,linear_q4gsw_tiled_texture3d_texture2d_half,2670.43,wk_wv,0.01862108815730057,global_read,llama-3.1-8b,prefill,0.23569401040970253,4w,texture3d,linear,tiled
4096,2048,1024,7.085732487978192,5.261989397531319,27.295440545122588,compute,0.19277906098758976,alu_fp16,,742.6175637393768,linear_q4gsw_tiled_buffer_texture2d_half,3264.9,wk_wv,0.015230577490244772,global_read,llama-3.1-8b,prefill,0.19277906098758976,4w,buffer,linear,tiled
4096,2048,14336,2.4716754566548818,5.62025308099797,27.295440545122588,compute,0.20590446494926606,alu_fp16,,2273.8636926889717,linear_q4gsw_tiled_texture3d_texture2d_half,42794.9,w1_w3,0.0053127950620754745,global_read,llama-3.1-8b,prefill,0.20590446494926606,4w,texture3d,linear,tiled
4096,2048,14336,2.4974878519854746,5.678946949561538,27.295440545122588,compute,0.20805478263571411,alu_fp16,,2273.8636926889717,linear_q4gsw_tiled_buffer_texture2d_half,42352.6,w1_w3,0.005368278060898592,global_read,llama-3.1-8b,prefill,0.20805478263571411,4w,buffer,linear,tiled
14336,2048,4096,2.2530508333777095,5.1231304878002035,27.295440545122588,compute,0.18769180439975178,alu_fp16,,2273.8636926889717,linear_q4gsw_tiled_texture3d_texture2d_half,46947.5,w2,0.004842867743799217,global_read,llama-3.1-8b,prefill,0.18769180439975178,4w,texture3d,linear,tiled
14336,2048,4096,2.459148395016379,5.591768250362101,27.295440545122588,compute,0.2048608902691366,alu_fp16,,2273.8636926889717,linear_q4gsw_tiled_buffer_texture2d_half,43012.9,w2,0.0052858685046117265,global_read,llama-3.1-8b,prefill,0.2048608902691366,4w,buffer,linear,tiled
4096,1,4096,181.56393497569968,0.7029167085637674,1.8011200541911596,memory,0.02575216572898917,alu_fp16,,3.8714555765595464,linear_q4gsw_coop_texture3d_texture2d_half,47.736,wq_wo,0.39026643833546715,global_read,llama-3.1-8b,decode,0.39026643833546715,4w,texture3d,linear,coop
4096,1,4096,192.91168091168095,0.7468490028490029,1.8011200541911596,memory,0.027361676087050993,alu_fp16,,3.8714555765595464,linear_q4gsw_coop_buffer_texture2d_half,44.928,wq_wo,0.41465809073143384,global_read,llama-3.1-8b,decode,0.41465809073143384,4w,buffer,linear,coop
4096,1,1024,92.24520292069961,0.3561134318220411,1.7960273490426455,memory,0.013046627008395173,alu_fp16,,3.8605089538171535,linear_q4gsw_coop_texture3d_texture2d_half,23.556,wk_wv,0.19827840150199483,global_read,llama-3.1-8b,decode,0.19827840150199483,4w,texture3d,linear,coop
4096,1,1024,106.32844000782933,0.4104818946956352,1.7960273490426455,memory,0.015038478460058562,alu_fp16,,3.8605089538171535,linear_q4gsw_coop_buffer_texture2d_half,20.436,wk_wv,0.22854991318168874,global_read,llama-3.1-8b,decode,0.22854991318168874,4w,buffer,linear,coop
4096,1,14336,143.4829133455764,0.555863003843314,1.802336862767157,memory,0.020364683358907752,alu_fp16,,3.8740710714768274,linear_q4gsw_coop_texture3d_texture2d_half,211.276,w1_w3,0.3084123813513355,global_read,llama-3.1-8b,decode,0.3084123813513355,4w,texture3d,linear,coop
4096,1,14336,149.44144499438013,0.5789467789324236,1.802336862767157,memory,0.02121038412900338,alu_fp16,,3.8740710714768274,linear_q4gsw_coop_buffer_texture2d_half,202.852,w1_w3,0.32122007316854034,global_read,llama-3.1-8b,decode,0.32122007316854034,4w,buffer,linear,coop
14336,1,4096,133.55580227332806,0.5174046700149794,1.802336862767157,memory,0.01895571786649306,alu_fp16,,3.8740710714768274,linear_q4gsw_coop_texture3d_texture2d_half,226.98,w2,0.28707434259575626,global_read,llama-3.1-8b,decode,0.28707434259575626,4w,texture3d,linear,coop
14336,1,4096,135.02514810030735,0.523097020177275,1.802336862767157,memory,0.019164263691312612,alu_fp16,,3.8740710714768274,linear_q4gsw_coop_buffer_texture2d_half,224.51,w2,0.2902326590458543,global_read,llama-3.1-8b,decode,0.2902326590458543,4w,buffer,linear,coop
3072,2048,3072,4.291076603016569,5.523142315979585,27.295440545122588,compute,0.20234669987645656,alu_fp16,,1287.1227495908347,linear_q4gsw_tiled_texture3d_texture2d_half,6998.68,wq_wo,0.009223545318667314,global_read,llama-3.2-3b,prefill,0.20234669987645656,4w,texture3d,linear,tiled
3072,2048,3072,4.386821366855927,5.646377579671425,27.295440545122588,compute,0.20686156614095658,alu_fp16,,1287.1227495908347,linear_q4gsw_tiled_buffer_texture2d_half,6845.93,wq_wo,0.009429345925367417,global_read,llama-3.2-3b,prefill,0.20686156614095658,4w,buffer,linear,tiled
3072,2048,1024,6.9251011520988826,4.849618120434042,27.295440545122588,compute,0.17767136282036006,alu_fp16,,700.2956366874444,linear_q4gsw_tiled_texture3d_texture2d_half,2656.89,wk_wv,0.01488530506955684,global_read,llama-3.2-3b,prefill,0.17767136282036006,4w,texture3d,linear,tiled
3072,2048,1024,7.51633318354508,5.263655332325667,27.295440545122588,compute,0.19284009443350886,alu_fp16,,700.2956366874444,linear_q4gsw_tiled_buffer_texture2d_half,2447.9,wk_wv,0.016156141258325447,global_read,llama-3.2-3b,prefill,0.19284009443350886,4w,buffer,linear,tiled
3072,2048,8192,2.9252075632289705,5.100835552916376,27.295440545122588,compute,0.18687500370195864,alu_fp16,,1743.7516629711752,linear_q4gsw_tiled_texture3d_texture2d_half,20208.3,w1_w3,0.006287649236320708,global_read,llama-3.2-3b,prefill,0.18687500370195864,4w,texture3d,linear,tiled
3072,2048,8192,3.283972312034044,5.726432180260658,27.295440545122588,compute,0.20979445892416312,alu_fp16,,1743.7516629711752,linear_q4gsw_tiled_buffer_texture2d_half,18000.6,w1_w3,0.00705880371000632,global_read,llama-3.2-3b,prefill,0.20979445892416312,4w,buffer,linear,tiled
8192,2048,3072,3.7126214177599977,6.4738897712013985,27.295440545122588,compute,0.23717843133908367,alu_fp16,,1743.7516629711752,linear_q4gsw_tiled_texture3d_texture2d_half,15922.3,w2,0.007980172592046362,global_read,llama-3.2-3b,prefill,0.23717843133908367,4w,texture3d,linear,tiled
8192,2048,3072,3.2224260264712936,5.619110742460914,27.295440545122588,compute,0.2058626140571668,alu_fp16,,1743.7516629711752,linear_q4gsw_tiled_buffer_texture2d_half,18344.4,w2,0.006926511745401308,global_read,llama-3.2-3b,prefill,0.2058626140571668,4w,buffer,linear,tiled
3072,1,3072,161.47014431351784,0.6247308354296306,1.7999858476079158,memory,0.022887735935123547,alu_fp16,,3.8690176322418135,linear_q4gsw_coop_texture3d_texture2d_half,30.212,wq_wo,0.3470754152094386,global_read,llama-3.2-3b,decode,0.3470754152094386,4w,texture3d,linear,coop
3072,1,3072,169.645847823063,0.6563627764640423,1.7999858476079158,memory,0.024046608640699425,alu_fp16,,3.8690176322418135,linear_q4gsw_coop_buffer_texture2d_half,28.756,wq_wo,0.36464885395422025,global_read,llama-3.2-3b,decode,0.36464885395422025,4w,buffer,linear,coop
3072,1,1024,103.12550607287451,0.3979919028340081,1.7954632701013633,memory,0.014580893177967963,alu_fp16,,3.85929648241206,linear_q4gsw_coop_texture3d_texture2d_half,15.808,wk_wv,0.22166529912446462,global_read,llama-3.2-3b,decode,0.22166529912446462,4w,texture3d,linear,coop
3072,1,1024,113.17745070813663,0.43678533740627606,1.7954632701013633,memory,0.01600213547329336,alu_fp16,,3.85929648241206,linear_q4gsw_coop_buffer_texture2d_half,14.404,wk_wv,0.2432716640210731,global_read,llama-3.2-3b,decode,0.2432716640210731,4w,buffer,linear,coop
3072,1,8192,166.2062193126023,0.6435613747954173,1.8014038292115144,memory,0.02357761450054394,alu_fp16,,3.872065542776115,linear_q4gsw_coop_texture3d_texture2d_half,78.208,w1_w3,0.35725547173789907,global_read,llama-3.2-3b,decode,0.35725547173789907,4w,texture3d,linear,coop
3072,1,8192,188.5174614224388,0.7299519665854508,1.8014038292115144,memory,0.026742633641642602,alu_fp16,,3.872065542776115,linear_q4gsw_coop_buffer_texture2d_half,68.952,w1_w3,0.40521284275550545,global_read,llama-3.2-3b,decode,0.40521284275550545,4w,buffer,linear,coop
8192,1,3072,184.89212562585345,0.7159144287664998,1.8014038292115144,memory,0.026228352225457163,alu_fp16,,3.872065542776115,linear_q4gsw_coop_texture3d_texture2d_half,70.304,w2,0.3974202880871303,global_read,llama-3.2-3b,decode,0.3974202880871303,4w,texture3d,linear,coop
8192,1,3072,196.52056119980645,0.7609404934687953,1.8014038292115144,memory,0.027877934126429308,alu_fp16,,3.872065542776115,linear_q4gsw_coop_buffer_texture2d_half,66.144,w2,0.42241527475927687,global_read,llama-3.2-3b,decode,0.42241527475927687,4w,buffer,linear,coop
2048,2048,2048,7.467150286031943,6.773247905126498,27.295440545122588,compute,0.24814576243711908,alu_fp16,,907.0726643598616,linear_q4gsw_tiled_texture3d_texture2d_half,2536.43,wq_wo,0.016050424039528454,global_read,llama-3.2-1b,prefill,0.24814576243711908,4w,texture3d,linear,tiled
2048,2048,2048,6.1602198695744095,5.587767050137418,27.295440545122588,compute,0.2047143016761418,alu_fp16,,907.0726643598616,linear_q4gsw_tiled_buffer_texture2d_half,3074.55,wq_wo,0.013241214827074252,global_read,llama-3.2-1b,prefill,0.2047143016761418,4w,buffer,linear,tiled
2048,2048,512,15.178723638566156,5.9123496723748685,27.295440545122588,compute,0.21660576104646692,alu_fp16,,389.5156017830609,linear_q4gsw_tiled_texture3d_texture2d_half,726.44,wk_wv,0.032626228406508175,global_read,llama-3.2-1b,prefill,0.21660576104646692,4w,texture3d,linear,tiled
2048,2048,512,13.235551415689985,5.155453774613129,27.295440545122588,compute,0.18887600535666588,alu_fp16,,389.5156017830609,linear_q4gsw_tiled_buffer_texture2d_half,833.092,wk_wv,0.028449435792954204,global_read,llama-3.2-1b,prefill,0.18887600535666588,4w,buffer,linear,tiled
2048,2048,8192,5.157390244200792,7.005072063086904,27.295440545122588,compute,0.25663890830069924,alu_fp16,,1358.259067357513,linear_q4gsw_tiled_texture3d_texture2d_half,9809.96,w1_w3,0.01108566148877371,global_read,llama-3.2-1b,prefill,0.25663890830069924,4w,texture3d,linear,tiled
2048,2048,8192,4.238400938259194,5.7568465054871405,27.295440545122588,compute,0.21090872286785015,alu_fp16,,1358.259067357513,linear_q4gsw_tiled_buffer_texture2d_half,11937,w1_w3,0.009110320497479311,global_read,llama-3.2-1b,prefill,0.21090872286785015,4w,buffer,linear,tiled
8192,2048,2048,4.932178321098861,6.699175926456682,27.295440545122588,compute,0.24543204991991804,alu_fp16,,1358.259067357513,linear_q4gsw_tiled_texture3d_texture2d_half,10257.9,w2,0.010601574959632142,global_read,llama-3.2-1b,prefill,0.24543204991991804,4w,texture3d,linear,tiled
8192,2048,2048,4.108740021277114,5.580733389314341,27.295440545122588,compute,0.20445661538558899,alu_fp16,,1358.259067357513,linear_q4gsw_tiled_buffer_texture2d_half,12313.7,w2,0.00883161809841157,global_read,llama-3.2-1b,prefill,0.20445661538558899,4w,buffer,linear,tiled
2048,1,2048,98.92818082391543,0.38227342325920527,1.7977217144662707,memory,0.014005028518490555,alu_fp16,,3.8641509433962264,linear_q4gsw_coop_texture3d_texture2d_half,21.944,wq_wo,0.21264326963570065,global_read,llama-3.2-1b,decode,0.21264326963570065,4w,texture3d,linear,coop
2048,1,2048,130.46153846153848,0.5041230769230769,1.7977217144662707,memory,0.018469131358759418,alu_fp16,,3.8641509433962264,linear_q4gsw_coop_buffer_texture2d_half,16.64,wq_wo,0.2804233118320802,global_read,llama-3.2-1b,decode,0.2804233118320802,4w,buffer,linear,coop
2048,1,512,44.47457627118644,0.17088917861799216,1.787603205754453,memory,0.0062607224944947176,alu_fp16,,3.8424015009380863,linear_q4gsw_coop_texture3d_texture2d_half,12.272,wk_wv,0.09559681816853133,global_read,llama-3.2-1b,decode,0.09559681816853133,4w,texture3d,linear,coop
2048,1,512,48.48036951501156,0.18628104459051345,1.787603205754453,memory,0.0068246212873014035,alu_fp16,,3.8424015009380863,linear_q4gsw_coop_buffer_texture2d_half,11.258,wk_wv,0.10420715513983096,global_read,llama-3.2-1b,decode,0.10420715513983096,4w,buffer,linear,coop
2048,1,8192,168.77981937091252,0.6531149174711928,1.8002692653134122,memory,0.02392761957410127,alu_fp16,,3.8696268304204064,linear_q4gsw_coop_texture3d_texture2d_half,51.376,w1_w3,0.3627873507897113,global_read,llama-3.2-1b,decode,0.3627873507897113,4w,texture3d,linear,coop
2048,1,8192,190.35897435897436,0.7366181945907974,1.8002692653134122,memory,0.02698685860640646,alu_fp16,,3.8696268304204064,linear_q4gsw_coop_buffer_texture2d_half,45.552,w1_w3,0.4091711216669347,global_read,llama-3.2-1b,decode,0.4091711216669347,4w,buffer,linear,coop
8192,1,2048,174.6120016109545,0.6756832863471608,1.8002692653134122,memory,0.024754437842106868,alu_fp16,,3.8696268304204064,linear_q4gsw_coop_texture3d_texture2d_half,49.66,w2,0.37532345819919877,global_read,llama-3.2-1b,decode,0.37532345819919877,4w,texture3d,linear,coop
8192,1,2048,185.0770938273713,0.716179287970631,1.8002692653134122,memory,0.02623805564840406,alu_fp16,,3.8696268304204064,linear_q4gsw_coop_buffer_texture2d_half,46.852,w2,0.3978178718981518,global_read,llama-3.2-1b,decode,0.3978178718981518,4w,buffer,linear,coop
4096,2048,4096,11.619100317514803,23.588595807431563,32.05983428573594,compute,0.7357678644623126,dot_int8,,2030.1568247821879,linear_dq8ca_q4gsw_tiled_texture3d_texture2d_half_zpint8,2913.25,wq_wo,0.024974920807845982,global_read,llama-3.1-8b,prefill,0.7357678644623126,8da4w,texture3d,linear,tiled
4096,2048,4096,10.98195291132834,22.295086652369847,32.05983428573594,compute,0.6954211445281667,dot_int8,,2030.1568247821879,linear_dq8ca_q4gsw_tiled_buffer_texture2d_half_zpint8,3082.27,wq_wo,0.023605390846180678,global_read,llama-3.1-8b,prefill,0.6954211445281667,8da4w,buffer,linear,tiled
4096,2048,1024,18.795543878943406,21.86802354330869,32.05983428573594,compute,0.6821003299146251,dot_int8,,1163.4685159500693,linear_dq8ca_q4gsw_tiled_texture3d_texture2d_half_zpint8,785.616,wk_wv,0.04040047913257099,global_read,llama-3.1-8b,prefill,0.6821003299146251,8da4w,texture3d,linear,tiled
4096,2048,1024,17.68799532347558,20.579425669135897,32.05983428573594,compute,0.6419068010682792,dot_int8,,1163.4685159500693,linear_dq8ca_q4gsw_tiled_buffer_texture2d_half_zpint8,834.808,wk_wv,0.03801983547619799,global_read,llama-3.1-8b,prefill,0.6419068010682792,8da4w,buffer,linear,tiled
4096,2048,14336,6.792173894863021,16.762132886562735,32.05983428573594,compute,0.5228390370695254,dot_int8,,2467.859796587375,linear_dq8ca_q4gsw_tiled_texture3d_texture2d_half_zpint8,14348.9,w1_w3,0.014599581766379446,global_read,llama-3.1-8b,prefill,0.5228390370695254,8da4w,texture3d,linear,tiled
4096,2048,14336,6.565851989086132,16.203602154208912,32.05983428573594,compute,0.5054175267967065,dot_int8,,2467.859796587375,linear_dq8ca_q4gsw_tiled_buffer_texture2d_half_zpint8,14843.5,w1_w3,0.01411310936151191,global_read,llama-3.1-8b,prefill,0.5054175267967065,8da4w,buffer,linear,tiled
14336,2048,4096,5.356033965754,16.851033305495616,32.05983428573594,compute,0.5256119902339289,dot_int8,,3146.1774539219887,linear_dq8ca_q4gsw_tiled_texture3d_texture2d_half_zpint8,14273.2,w2,0.01151264043543869,global_read,llama-3.1-8b,prefill,0.5256119902339289,8da4w,texture3d,linear,tiled
14336,2048,4096,5.152263760555882,16.209936080120233,32.05983428573594,compute,0.5056150925687211,dot_int8,,3146.1774539219887,linear_dq8ca_q4gsw_tiled_buffer_texture2d_half_zpint8,14837.7,w2,0.011074642260128154,global_read,llama-3.1-8b,prefill,0.5056150925687211,8da4w,buffer,linear,tiled
4096,1,4096,182.81725503412252,0.7067661976577639,1.7985684388105296,memory,0.02204522304634052,dot_int8,,3.8659709529379342,linear_dq8ca_q4gsw_coop_texture3d_texture2d_half_zpint8,47.476,wq_wo,0.39296041363050865,global_read,llama-3.1-8b,decode,0.39296041363050865,8da4w,texture3d,linear,coop
4096,1,4096,193.63358914867038,0.7485818311618777,1.7985684388105296,memory,0.023349522785741185,dot_int8,,3.8659709529379342,linear_dq8ca_q4gsw_coop_buffer_texture2d_half_zpint8,44.824,wq_wo,0.4162098116527314,global_read,llama-3.1-8b,decode,0.4162098116527314,8da4w,buffer,linear,coop
4096,1,1024,122.18488529014847,0.4716941070625282,1.7960207366901453,memory,0.01471293029335446,dot_int8,,3.8604947407562853,linear_dq8ca_q4gsw_coop_texture3d_texture2d_half_zpint8,17.784,wk_wv,0.262632884702548,global_read,llama-3.1-8b,decode,0.262632884702548,8da4w,texture3d,linear,coop
4096,1,1024,120.77234326367274,0.46624099599822144,1.7960207366901453,memory,0.014542838613662498,dot_int8,,3.8604947407562853,linear_dq8ca_q4gsw_coop_buffer_texture2d_half_zpint8,17.992,wk_wv,0.2595966663822873,global_read,llama-3.1-8b,decode,0.2595966663822873,8da4w,buffer,linear,coop
4096,1,14336,144.05407764411217,0.5570970361656105,1.7991761002594966,memory,0.017376790884208473,dot_int8,,3.867277103685515,linear_dq8ca_q4gsw_coop_texture3d_texture2d_half_zpint8,210.808,w1_w3,0.30964008252736347,global_read,llama-3.1-8b,decode,0.30964008252736347,8da4w,texture3d,linear,coop
4096,1,14336,149.4740800535528,0.5780576873855605,1.7991761002594966,memory,0.018030588749572855,dot_int8,,3.867277103685515,linear_dq8ca_q4gsw_coop_buffer_texture2d_half_zpint8,203.164,w1_w3,0.3212902212863915,global_read,llama-3.1-8b,decode,0.3212902212863915,8da4w,buffer,linear,coop
14336,1,4096,134.36520290034926,0.52050504370025,1.8022146323568566,memory,0.01623542526955085,dot_int8,,3.8738083407374293,linear_dq8ca_q4gsw_coop_texture3d_texture2d_half_zpint8,225.628,w2,0.2888141258844162,global_read,llama-3.1-8b,decode,0.2888141258844162,8da4w,texture3d,linear,coop
14336,1,4096,134.2414495474592,0.5200256469296303,1.8022146323568566,memory,0.01622047208026275,dot_int8,,3.8738083407374293,linear_dq8ca_q4gsw_coop_buffer_texture2d_half_zpint8,225.836,w2,0.2885481216238733,global_read,llama-3.1-8b,decode,0.2885481216238733,8da4w,buffer,linear,coop
3072,2048,3072,13.91429123371872,22.628248595931513,32.05983428573594,compute,0.705813024304972,dot_int8,,1626.259520937446,linear_dq8ca_q4gsw_tiled_texture3d_texture2d_half_zpint8,1708.25,wq_wo,0.029908367443526714,global_read,llama-3.2-3b,prefill,0.705813024304972,8da4w,texture3d,linear,tiled
3072,2048,3072,13.24921293199554,21.546658675585284,32.05983428573594,compute,0.6720764207184884,dot_int8,,1626.259520937446,linear_dq8ca_q4gsw_tiled_buffer_texture2d_half_zpint8,1794,wq_wo,0.028478800827984676,global_read,llama-3.2-3b,prefill,0.6720764207184884,8da4w,buffer,linear,tiled
3072,2048,1024,20.094399268346027,21.348029186631415,32.05983428573594,compute,0.6658808338298111,dot_int8,,1062.387031408308,linear_dq8ca_q4gsw_tiled_texture3d_texture2d_half_zpint8,603.564,wk_wv,0.04319233130741414,global_read,llama-3.2-3b,prefill,0.6658808338298111,8da4w,texture3d,linear,tiled
3072,2048,1024,19.350841475789622,20.5580830307169,32.05983428573594,compute,0.641241088381533,dot_int8,,1062.387031408308,linear_dq8ca_q4gsw_tiled_buffer_texture2d_half_zpint8,626.756,wk_wv,0.041594075291226745,global_read,llama-3.2-3b,prefill,0.641241088381533,8da4w,buffer,linear,tiled
3072,2048,8192,9.556849617156038,18.632320689480647,32.05983428573594,compute,0.5811733311974897,dot_int8,,1949.6299969011466,linear_dq8ca_q4gsw_tiled_texture3d_texture2d_half_zpint8,5532.28,w1_w3,0.020542172443521564,global_read,llama-3.2-3b,prefill,0.5811733311974897,8da4w,texture3d,linear,tiled
3072,2048,8192,9.138407079646017,17.81651256637168,32.05983428573594,compute,0.5557269076184402,dot_int8,,1949.6299969011466,linear_dq8ca_q4gsw_tiled_buffer_texture2d_half_zpint8,5785.6,w1_w3,0.019642742285302384,global_read,llama-3.2-3b,prefill,0.5557269076184402,8da4w,buffer,linear,tiled
8192,2048,3072,8.832651155032941,21.49095469602202,32.05983428573594,compute,0.6703389201728899,dot_int8,,2433.126172290438,linear_dq8ca_q4gsw_tiled_texture3d_texture2d_half_zpint8,4796.4,w2,0.01898552874939459,global_read,llama-3.2-3b,prefill,0.6703389201728899,8da4w,texture3d,linear,tiled
8192,2048,3072,7.658711403572203,18.63461116205076,32.05983428573594,compute,0.5812447748783802,dot_int8,,2433.126172290438,linear_dq8ca_q4gsw_tiled_buffer_texture2d_half_zpint8,5531.6,w2,0.016462179133269975,global_read,llama-3.2-3b,prefill,0.5812447748783802,8da4w,buffer,linear,tiled
3072,1,3072,164.89743589743588,0.6367870445344129,1.7965888418507823,memory,0.019862455896028516,dot_int8,,3.861715866403686,linear_dq8ca_q4gsw_coop_texture3d_texture2d_half_zpint8,29.64,wq_wo,0.35444227955819735,global_read,llama-3.2-3b,decode,0.35444227955819735,8da4w,texture3d,linear,coop
3072,1,3072,171.83096610884547,0.6635623681620025,1.7965888418507823,memory,0.02069762314577012,dot_int8,,3.861715866403686,linear_dq8ca_q4gsw_coop_buffer_texture2d_half_zpint8,28.444,wq_wo,0.36934570264748173,global_read,llama-3.2-3b,decode,0.36934570264748173,8da4w,buffer,linear,coop
3072,1,1024,89.37321937321938,0.3446995397764629,1.7943273746508202,memory,0.010751756752835951,dot_int8,,3.8568549079228074,linear_dq8ca_q4gsw_coop_texture3d_texture2d_half_zpint8,18.252,wk_wv,0.19210515575149276,global_read,llama-3.2-3b,decode,0.19210515575149276,8da4w,texture3d,linear,coop
3072,1,1024,114.9084249084249,0.44318512256973797,1.7943273746508202,memory,0.013823687253646222,dot_int8,,3.8568549079228074,linear_dq8ca_q4gsw_coop_buffer_texture2d_half_zpint8,14.196,wk_wv,0.2469923431090621,global_read,llama-3.2-3b,decode,0.2469923431090621,8da4w,buffer,linear,coop
3072,1,8192,164.94100369676406,0.6372062591786095,1.797296719848333,memory,0.019875531903860006,dot_int8,,3.863237429730219,linear_dq8ca_q4gsw_coop_texture3d_texture2d_half_zpint8,78.988,w1_w3,0.35453592728549627,global_read,llama-3.2-3b,decode,0.35453592728549627,8da4w,texture3d,linear,coop
3072,1,8192,196.6604274846033,0.759745924405265,1.797296719848333,memory,0.023697749577679235,dot_int8,,3.863237429730219,linear_dq8ca_q4gsw_coop_buffer_texture2d_half_zpint8,66.248,w1_w3,0.42271591330193775,global_read,llama-3.2-3b,decode,0.42271591330193775,8da4w,buffer,linear,coop
8192,1,3072,161.32456575682383,0.6244621339950372,1.8008352605910767,memory,0.019478021265782804,dot_int8,,3.870843420935248,linear_dq8ca_q4gsw_coop_texture3d_texture2d_half_zpint8,80.6,w2,0.3467624983031896,global_read,llama-3.2-3b,decode,0.3467624983031896,8da4w,texture3d,linear,coop
8192,1,3072,193.68944765536554,0.7497415241613536,1.8008352605910767,memory,0.023385695555355027,dot_int8,,3.870843420935248,linear_dq8ca_q4gsw_coop_buffer_texture2d_half_zpint8,67.132,w2,0.4163298779008085,global_read,llama-3.2-3b,decode,0.4163298779008085,8da4w,buffer,linear,coop
2048,2048,2048,20.341008747768985,23.659560275874227,32.05983428573594,compute,0.7379813652499395,dot_int8,,1163.1458679977816,linear_dq8ca_q4gsw_tiled_texture3d_texture2d_half_zpint8,726.128,wq_wo,0.04372241126633905,global_read,llama-3.2-1b,prefill,0.7379813652499395,8da4w,texture3d,linear,tiled
2048,2048,2048,19.071530946644252,22.182972416981077,32.05983428573594,compute,0.6919241134958307,dot_int8,,1163.1458679977816,linear_dq8ca_q4gsw_tiled_buffer_texture2d_half_zpint8,774.462,wq_wo,0.040993705369668544,global_read,llama-3.2-1b,prefill,0.6919241134958307,8da4w,buffer,linear,tiled
2048,2048,512,30.939769483686817,19.397727788416375,32.05983428573594,compute,0.6050476623033205,dot_int8,,626.9512705530643,linear_dq8ca_q4gsw_tiled_texture3d_texture2d_half_zpint8,221.416,wk_wv,0.06650414159031581,global_read,llama-3.2-1b,prefill,0.6050476623033205,8da4w,texture3d,linear,tiled
2048,2048,512,29.44603005398714,18.461225955090953,32.05983428573594,compute,0.5758365994831334,dot_int8,,626.9512705530643,linear_dq8ca_q4gsw_tiled_buffer_texture2d_half_zpint8,232.648,wk_wv,0.06329339179516423,global_read,llama-3.2-1b,prefill,0.5758365994831334,8da4w,buffer,linear,tiled
2048,2048,8192,16.317463886234616,24.14123599572818,32.05983428573594,compute,0.7530056387867575,dot_int8,,1479.4723104056438,linear_dq8ca_q4gsw_tiled_texture3d_texture2d_half_zpint8,2846.56,w1_w3,0.03507391770508113,global_read,llama-3.2-1b,prefill,0.7530056387867575,8da4w,texture3d,linear,tiled
2048,2048,8192,15.32857237146063,22.678198381624977,32.05983428573594,compute,0.7073710418932191,dot_int8,,1479.4723104056438,linear_dq8ca_q4gsw_tiled_buffer_texture2d_half_zpint8,3030.2,w1_w3,0.032948323933263725,global_read,llama-3.2-1b,prefill,0.7073710418932191,8da4w,buffer,linear,tiled
8192,2048,2048,11.133569332403376,22.60836329468739,32.05983428573594,compute,0.7051927684088594,dot_int8,,2030.6482691842168,linear_dq8ca_q4gsw_tiled_texture3d_texture2d_half_zpint8,3039.56,w2,0.02393128596766526,global_read,llama-3.2-1b,prefill,0.7051927684088594,8da4w,texture3d,linear,tiled
8192,2048,2048,10.598345161068067,21.521511257539792,32.05983428573594,compute,0.6712920305740677,dot_int8,,2030.6482691842168,linear_dq8ca_q4gsw_tiled_buffer_texture2d_half_zpint8,3193.06,w2,0.022780837057830617,global_read,llama-3.2-1b,prefill,0.6712920305740677,8da4w,buffer,linear,tiled
2048,1,2048,130.0186335403727,0.50099187768753,1.7926415943819558,memory,0.015626776895426162,dot_int8,,3.8532313718861277,linear_dq8ca_q4gsw_coop_texture3d_texture2d_half_zpint8,16.744,wq_wo,0.2794713004861719,global_read,llama-3.2-1b,decode,0.2794713004861719,8da4w,texture3d,linear,coop
2048,1,2048,133.75718849840257,0.5153973949373312,1.7926415943819558,memory,0.016076109138425637,dot_int8,,3.8532313718861277,linear_dq8ca_q4gsw_coop_buffer_texture2d_half_zpint8,16.276,wq_wo,0.2875072164745922,global_read,llama-3.2-1b,decode,0.2875072164745922,8da4w,buffer,linear,coop
2048,1,512,52.74449168921531,0.2026625434866641,1.78757700416844,memory,0.006321384623526664,dot_int8,,3.842345181385123,linear_dq8ca_q4gsw_coop_texture3d_texture2d_half_zpint8,10.348,wk_wv,0.11337276269166394,global_read,llama-3.2-1b,decode,0.11337276269166394,8da4w,texture3d,linear,coop
2048,1,512,49.277717587576745,0.1893420007222824,1.78757700416844,memory,0.0059058945543746764,dot_int8,,3.842345181385123,linear_dq8ca_q4gsw_coop_buffer_texture2d_half_zpint8,11.076,wk_wv,0.1059210318105217,global_read,llama-3.2-1b,decode,0.1059210318105217,8da4w,buffer,linear,coop
2048,1,8192,175.047473447055,0.6749765046668812,1.7939122291991862,memory,0.02105364920639006,dot_int8,,3.8559625647555262,linear_dq8ca_q4gsw_coop_texture3d_texture2d_half_zpint8,49.712,w1_w3,0.37625949234327644,global_read,llama-3.2-1b,decode,0.37625949234327644,8da4w,texture3d,linear,coop
2048,1,8192,196.6455753412275,0.7582579770405857,1.7939122291991862,memory,0.023651338003888245,dot_int8,,3.8559625647555262,linear_dq8ca_q4gsw_coop_buffer_texture2d_half_zpint8,44.252,w1_w3,0.42268398904838106,global_read,llama-3.2-1b,decode,0.42268398904838106,8da4w,buffer,linear,coop
8192,1,2048,175.7161384453271,0.6799552565453515,1.8002676044028478,memory,0.02120894482751201,dot_int8,,3.8696232603410814,linear_dq8ca_q4gsw_coop_texture3d_texture2d_half_zpint8,49.348,w2,0.37769676845953903,global_read,llama-3.2-1b,decode,0.37769676845953903,8da4w,texture3d,linear,coop
8192,1,2048,185.90258125375183,0.7193729525769661,1.8002676044028478,memory,0.022438448875483723,dot_int8,,3.8696232603410814,linear_dq8ca_q4gsw_coop_buffer_texture2d_half_zpint8,46.644,w2,0.3995922332977732,global_read,llama-3.2-1b,decode,0.3995922332977732,8da4w,buffer,linear,coop
