model,scheme,arm,qk_ms,softmax_ms,av_ms,fused_ms,kv_copy_ms,attention_ms,dispatch_ms,qk_n,softmax_n,av_n,fused_n,kv_copy_n
1b,4w,cand,0.00,0.00,0.00,10.79,0.25,11.04,135.34,0,0,0,16,16
1b,4w,parent,6.97,17.34,7.96,0.00,0.00,32.26,156.37,16,16,16,0,0
1b,8da4w,cand,0.00,0.00,0.00,10.68,0.25,10.93,112.59,0,0,0,16,16
1b,8da4w,parent,6.90,17.22,7.94,0.00,0.00,32.07,134.05,16,16,16,0,0
3b,4w,cand,0.00,0.00,0.00,30.51,0.87,31.38,373.91,0,0,0,28,28
3b,4w,parent,13.25,22.84,14.62,0.00,0.00,50.70,391.75,28,28,28,0,0
3b,8da4w,cand,0.00,0.00,0.00,29.92,0.84,30.76,299.79,0,0,0,28,28
3b,8da4w,parent,12.97,22.74,14.53,0.00,0.00,50.23,319.08,28,28,28,0,0
8b,4w,cand,0.00,0.00,0.00,46.61,0.91,47.52,857.10,0,0,0,32,32
8b,4w,parent,20.03,34.83,21.65,0.00,0.00,76.50,883.25,32,32,32,0,0
8b,8da4w,cand,0.00,0.00,0.00,44.36,0.86,45.22,651.30,0,0,0,32,32
8b,8da4w,parent,19.38,34.40,21.06,0.00,0.00,74.83,680.65,32,32,32,0,0
