kind,tag,shader,specialization,subgroup,static_muladd,muladd_per_loop_iteration_per_subgroup,static_coopmat_load,static_coopmat_store,static_control_barrier,register_count,binary_size,stack_size,shared_memory_size,local_memory_size_raw,isa,evidence
kernel,4w-K2048,sarc_linear_q4gsw_coopmat_orin_t256x128k16g42s32bt_texture3d_texture2d_half,256 1 1 4=32 5=16,32,32,16,20,2,4,128,50688,0,45056,68719476736,internal representations: none returned,isa/pipeline-stats-kernels/4w-K2048.stats.txt
kernel,4w-K4096,sarc_linear_q4gsw_coopmat_orin_t256x128k16g42s32bt_texture3d_texture2d_half,256 1 1 4=32 5=32,32,32,16,20,2,4,128,50688,0,45056,68719476736,internal representations: none returned,isa/pipeline-stats-kernels/4w-K4096.stats.txt
kernel,4w-K8192,sarc_linear_q4gsw_coopmat_orin_t256x128k16g42s32bt_texture3d_texture2d_half,256 1 1 4=32 5=64,32,32,16,20,2,4,128,50688,0,45056,68719476736,internal representations: none returned,isa/pipeline-stats-kernels/4w-K8192.stats.txt
kernel,4w-f32-K14336,sarc_dev_linear_q4gsw_coopmat_bx_t128x128k32g42s32f32c_texture3d_texture2d_half,256 1 1 4=32 5=112,32,32,16,24,2,4,128,30848,0,43008,68719476736,internal representations: none returned,isa/pipeline-stats-kernels/4w-f32-K14336.stats.txt
kernel,8da4w-K14336,sarc_linear_dq8ca_coopmat_zpgtr_orin_bf_t128x128k64g24s32mk32ra_texture3d_texture2d_half,256 1 1 4=32 5=112,32,16,16,24,4,4,208,18944,0,35328,68719476752,internal representations: none returned,isa/pipeline-stats-kernels/8da4w-K14336.stats.txt
kernel,8da4w-K2048,sarc_linear_dq8ca_coopmat_zpgtr_orin_bf_t128x128k64g24s32mk32ra_texture3d_texture2d_half,256 1 1 4=32 5=16,32,16,16,24,4,4,209,18688,0,35328,68719476752,internal representations: none returned,isa/pipeline-stats-kernels/8da4w-K2048.stats.txt
kernel,8da4w-K4096,sarc_linear_dq8ca_coopmat_zpgtr_orin_bf_t128x128k64g24s32mk32ra_texture3d_texture2d_half,256 1 1 4=32 5=32,32,16,16,24,4,4,209,22400,0,35328,68719476752,internal representations: none returned,isa/pipeline-stats-kernels/8da4w-K4096.stats.txt
kernel,sdpa-d128-8b,sarc_dev_orin_sdpa_fused3sb_d128_t16x64g11s32rko_buffer_buffer_half,32 1 1 4=4096 6=2048,32,64,64,78,12,9,255,36480,0,3456,68719476736,internal representations: none returned,isa/pipeline-stats-kernels/sdpa-d128-8b.stats.txt
kernel,sdpa-d64-1b,sarc_dev_orin_sdpa_fused3sb_d64_t32x32g11s32rko_buffer_buffer_half,32 1 1 4=2048 6=2048,32,32,32,32,12,7,216,131840,0,4736,68719476736,internal representations: none returned,isa/pipeline-stats-kernels/sdpa-d64-1b.stats.txt
roofline shader,matrix_fp16_16x16x16_c8,matrix_fp16_16x16x16_c8,local size 32,32,8,8,2,,0,95,7424,0,0,68719476736,internal representations: 0,pipeline-inspection/matrix_fp16_16x16x16_c8.json
roofline shader,matrix_fp16_16x16x16_c8_lds,matrix_fp16_16x16x16_c8_lds,local size 32,32,8,8,4,,1,98,10752,0,4096,68719476736,internal representations: 0,pipeline-inspection/matrix_fp16_16x16x16_c8_lds.json
roofline shader,matrix_fp16_fp32_16x16x16_c2_gmem,matrix_fp16_fp32_16x16x16_c2_gmem,local size 32,32,2,2,4,,0,59,12160,0,0,68719476736,internal representations: 0,pipeline-inspection/matrix_fp16_fp32_16x16x16_c2_gmem.json
roofline shader,matrix_fp16_fp32_16x16x16_c2_lds,matrix_fp16_fp32_16x16x16_c2_lds,local size 32,32,2,2,4,,1,62,6272,0,4096,68719476736,internal representations: 0,pipeline-inspection/matrix_fp16_fp32_16x16x16_c2_lds.json
roofline shader,matrix_fp16_fp32_16x16x16_c4_gmem,matrix_fp16_fp32_16x16x16_c4_gmem,local size 32,32,4,4,4,,0,75,14720,0,0,68719476736,internal representations: 0,pipeline-inspection/matrix_fp16_fp32_16x16x16_c4_gmem.json
roofline shader,matrix_fp16_fp32_16x16x16_c8,matrix_fp16_fp32_16x16x16_c8,local size 32,32,8,8,2,,0,130,8064,0,0,68719476736,internal representations: 0,pipeline-inspection/matrix_fp16_fp32_16x16x16_c8.json
roofline shader,matrix_fp16_fp32_16x16x16_c8_lds,matrix_fp16_fp32_16x16x16_c8_lds,local size 32,32,8,8,4,,1,128,18816,0,4736,68719476736,internal representations: 0,pipeline-inspection/matrix_fp16_fp32_16x16x16_c8_lds.json
roofline shader,matrix_int8_16x16x32_c2_lds,matrix_int8_16x16x32_c2_lds,local size 32,32,2,2,4,,1,73,7936,0,4096,68719476736,internal representations: 0,pipeline-inspection/matrix_int8_16x16x32_c2_lds.json
roofline shader,matrix_int8_16x16x32_c4,matrix_int8_16x16x32_c4,local size 32,32,4,4,2,,0,66,6144,0,0,68719476736,internal representations: 0,pipeline-inspection/matrix_int8_16x16x32_c4.json
roofline shader,matrix_int8_16x16x32_c8_lds,matrix_int8_16x16x32_c8_lds,local size 32,32,8,8,4,,1,128,20480,0,4736,68719476736,internal representations: 0,pipeline-inspection/matrix_int8_16x16x32_c8_lds.json
