shader,kind,id,c1,c2,c3,c4
sarc_dev_linear_q4gsw_coopmat_bx_t128x128k32g42s32f32c_texture3d_texture2d_half,type,%177,float32 16x16 use=Acc scope=3,,,
sarc_dev_linear_q4gsw_coopmat_bx_t128x128k32g42s32f32c_texture3d_texture2d_half,type,%565,float16 16x16 use=A scope=3,,,
sarc_dev_linear_q4gsw_coopmat_bx_t128x128k32g42s32f32c_texture3d_texture2d_half,type,%606,float16 16x16 use=B scope=3,,,
sarc_dev_linear_q4gsw_coopmat_bx_t128x128k32g42s32f32c_texture3d_texture2d_half,type,%850,float16 16x16 use=Acc scope=3,,,
sarc_dev_linear_q4gsw_coopmat_bx_t128x128k32g42s32f32c_texture3d_texture2d_half,muladd,%641,result: float32 16x16 use=Acc scope=3,A: float16 16x16 use=A scope=3,B: float16 16x16 use=B scope=3,C: float32 16x16 use=Acc scope=3
sarc_dev_linear_q4gsw_coopmat_bx_t128x128k32g42s32f32c_texture3d_texture2d_half,muladd,%1719,result: float32 16x16 use=Acc scope=3,A: float16 16x16 use=A scope=3,B: float16 16x16 use=B scope=3,C: float32 16x16 use=Acc scope=3
sarc_dev_linear_q4gsw_coopmat_bx_t128x128k32g42s32f32c_texture3d_texture2d_half,muladd,%1732,result: float32 16x16 use=Acc scope=3,A: float16 16x16 use=A scope=3,B: float16 16x16 use=B scope=3,C: float32 16x16 use=Acc scope=3
sarc_dev_linear_q4gsw_coopmat_bx_t128x128k32g42s32f32c_texture3d_texture2d_half,muladd,%1745,result: float32 16x16 use=Acc scope=3,A: float16 16x16 use=A scope=3,B: float16 16x16 use=B scope=3,C: float32 16x16 use=Acc scope=3
sarc_dev_linear_q4gsw_coopmat_bx_t128x128k32g42s32f32c_texture3d_texture2d_half,muladd,%1772,result: float32 16x16 use=Acc scope=3,A: float16 16x16 use=A scope=3,B: float16 16x16 use=B scope=3,C: float32 16x16 use=Acc scope=3
sarc_dev_linear_q4gsw_coopmat_bx_t128x128k32g42s32f32c_texture3d_texture2d_half,muladd,%1784,result: float32 16x16 use=Acc scope=3,A: float16 16x16 use=A scope=3,B: float16 16x16 use=B scope=3,C: float32 16x16 use=Acc scope=3
sarc_dev_linear_q4gsw_coopmat_bx_t128x128k32g42s32f32c_texture3d_texture2d_half,muladd,%1796,result: float32 16x16 use=Acc scope=3,A: float16 16x16 use=A scope=3,B: float16 16x16 use=B scope=3,C: float32 16x16 use=Acc scope=3
sarc_dev_linear_q4gsw_coopmat_bx_t128x128k32g42s32f32c_texture3d_texture2d_half,muladd,%1808,result: float32 16x16 use=Acc scope=3,A: float16 16x16 use=A scope=3,B: float16 16x16 use=B scope=3,C: float32 16x16 use=Acc scope=3
sarc_dev_linear_q4gsw_coopmat_bx_t128x128k32g42s32f32c_texture3d_texture2d_half,muladd,%1912,result: float32 16x16 use=Acc scope=3,A: float16 16x16 use=A scope=3,B: float16 16x16 use=B scope=3,C: float32 16x16 use=Acc scope=3
sarc_dev_linear_q4gsw_coopmat_bx_t128x128k32g42s32f32c_texture3d_texture2d_half,muladd,%1924,result: float32 16x16 use=Acc scope=3,A: float16 16x16 use=A scope=3,B: float16 16x16 use=B scope=3,C: float32 16x16 use=Acc scope=3
sarc_dev_linear_q4gsw_coopmat_bx_t128x128k32g42s32f32c_texture3d_texture2d_half,muladd,%1936,result: float32 16x16 use=Acc scope=3,A: float16 16x16 use=A scope=3,B: float16 16x16 use=B scope=3,C: float32 16x16 use=Acc scope=3
sarc_dev_linear_q4gsw_coopmat_bx_t128x128k32g42s32f32c_texture3d_texture2d_half,muladd,%1948,result: float32 16x16 use=Acc scope=3,A: float16 16x16 use=A scope=3,B: float16 16x16 use=B scope=3,C: float32 16x16 use=Acc scope=3
sarc_dev_linear_q4gsw_coopmat_bx_t128x128k32g42s32f32c_texture3d_texture2d_half,muladd,%1977,result: float32 16x16 use=Acc scope=3,A: float16 16x16 use=A scope=3,B: float16 16x16 use=B scope=3,C: float32 16x16 use=Acc scope=3
sarc_dev_linear_q4gsw_coopmat_bx_t128x128k32g42s32f32c_texture3d_texture2d_half,muladd,%1989,result: float32 16x16 use=Acc scope=3,A: float16 16x16 use=A scope=3,B: float16 16x16 use=B scope=3,C: float32 16x16 use=Acc scope=3
sarc_dev_linear_q4gsw_coopmat_bx_t128x128k32g42s32f32c_texture3d_texture2d_half,muladd,%2001,result: float32 16x16 use=Acc scope=3,A: float16 16x16 use=A scope=3,B: float16 16x16 use=B scope=3,C: float32 16x16 use=Acc scope=3
sarc_dev_linear_q4gsw_coopmat_bx_t128x128k32g42s32f32c_texture3d_texture2d_half,muladd,%2013,result: float32 16x16 use=Acc scope=3,A: float16 16x16 use=A scope=3,B: float16 16x16 use=B scope=3,C: float32 16x16 use=Acc scope=3
sarc_dev_linear_q4gsw_coopmat_bx_t128x128k32g42s32f32c_texture3d_texture2d_half,muladd,%822,result: float32 16x16 use=Acc scope=3,A: float16 16x16 use=A scope=3,B: float16 16x16 use=B scope=3,C: float32 16x16 use=Acc scope=3
sarc_dev_linear_q4gsw_coopmat_bx_t128x128k32g42s32f32c_texture3d_texture2d_half,muladd,%1314,result: float32 16x16 use=Acc scope=3,A: float16 16x16 use=A scope=3,B: float16 16x16 use=B scope=3,C: float32 16x16 use=Acc scope=3
sarc_dev_linear_q4gsw_coopmat_bx_t128x128k32g42s32f32c_texture3d_texture2d_half,muladd,%1327,result: float32 16x16 use=Acc scope=3,A: float16 16x16 use=A scope=3,B: float16 16x16 use=B scope=3,C: float32 16x16 use=Acc scope=3
sarc_dev_linear_q4gsw_coopmat_bx_t128x128k32g42s32f32c_texture3d_texture2d_half,muladd,%1340,result: float32 16x16 use=Acc scope=3,A: float16 16x16 use=A scope=3,B: float16 16x16 use=B scope=3,C: float32 16x16 use=Acc scope=3
sarc_dev_linear_q4gsw_coopmat_bx_t128x128k32g42s32f32c_texture3d_texture2d_half,muladd,%1367,result: float32 16x16 use=Acc scope=3,A: float16 16x16 use=A scope=3,B: float16 16x16 use=B scope=3,C: float32 16x16 use=Acc scope=3
sarc_dev_linear_q4gsw_coopmat_bx_t128x128k32g42s32f32c_texture3d_texture2d_half,muladd,%1379,result: float32 16x16 use=Acc scope=3,A: float16 16x16 use=A scope=3,B: float16 16x16 use=B scope=3,C: float32 16x16 use=Acc scope=3
sarc_dev_linear_q4gsw_coopmat_bx_t128x128k32g42s32f32c_texture3d_texture2d_half,muladd,%1391,result: float32 16x16 use=Acc scope=3,A: float16 16x16 use=A scope=3,B: float16 16x16 use=B scope=3,C: float32 16x16 use=Acc scope=3
sarc_dev_linear_q4gsw_coopmat_bx_t128x128k32g42s32f32c_texture3d_texture2d_half,muladd,%1403,result: float32 16x16 use=Acc scope=3,A: float16 16x16 use=A scope=3,B: float16 16x16 use=B scope=3,C: float32 16x16 use=Acc scope=3
sarc_dev_linear_q4gsw_coopmat_bx_t128x128k32g42s32f32c_texture3d_texture2d_half,muladd,%1507,result: float32 16x16 use=Acc scope=3,A: float16 16x16 use=A scope=3,B: float16 16x16 use=B scope=3,C: float32 16x16 use=Acc scope=3
sarc_dev_linear_q4gsw_coopmat_bx_t128x128k32g42s32f32c_texture3d_texture2d_half,muladd,%1519,result: float32 16x16 use=Acc scope=3,A: float16 16x16 use=A scope=3,B: float16 16x16 use=B scope=3,C: float32 16x16 use=Acc scope=3
sarc_dev_linear_q4gsw_coopmat_bx_t128x128k32g42s32f32c_texture3d_texture2d_half,muladd,%1531,result: float32 16x16 use=Acc scope=3,A: float16 16x16 use=A scope=3,B: float16 16x16 use=B scope=3,C: float32 16x16 use=Acc scope=3
sarc_dev_linear_q4gsw_coopmat_bx_t128x128k32g42s32f32c_texture3d_texture2d_half,muladd,%1543,result: float32 16x16 use=Acc scope=3,A: float16 16x16 use=A scope=3,B: float16 16x16 use=B scope=3,C: float32 16x16 use=Acc scope=3
sarc_dev_linear_q4gsw_coopmat_bx_t128x128k32g42s32f32c_texture3d_texture2d_half,muladd,%1572,result: float32 16x16 use=Acc scope=3,A: float16 16x16 use=A scope=3,B: float16 16x16 use=B scope=3,C: float32 16x16 use=Acc scope=3
sarc_dev_linear_q4gsw_coopmat_bx_t128x128k32g42s32f32c_texture3d_texture2d_half,muladd,%1584,result: float32 16x16 use=Acc scope=3,A: float16 16x16 use=A scope=3,B: float16 16x16 use=B scope=3,C: float32 16x16 use=Acc scope=3
sarc_dev_linear_q4gsw_coopmat_bx_t128x128k32g42s32f32c_texture3d_texture2d_half,muladd,%1596,result: float32 16x16 use=Acc scope=3,A: float16 16x16 use=A scope=3,B: float16 16x16 use=B scope=3,C: float32 16x16 use=Acc scope=3
sarc_dev_linear_q4gsw_coopmat_bx_t128x128k32g42s32f32c_texture3d_texture2d_half,muladd,%1608,result: float32 16x16 use=Acc scope=3,A: float16 16x16 use=A scope=3,B: float16 16x16 use=B scope=3,C: float32 16x16 use=Acc scope=3
sarc_dev_linear_q4gsw_coopmat_bx_t128x128k32g42s32f32c_texture3d_texture2d_half,counts,,static MulAdd=32,CooperativeMatrixLoad=24,CooperativeMatrixStore=2,ControlBarrier=4 OpExecutionMode %4 LocalSize 1 1 1
sarc_dev_orin_sdpa_fused3sb_d128_t16x64g11s32rko_buffer_buffer_half,type,%61,float32 16x16 use=Acc scope=3,,,
sarc_dev_orin_sdpa_fused3sb_d128_t16x64g11s32rko_buffer_buffer_half,type,%95,float16 16x16 use=B scope=3,,,
sarc_dev_orin_sdpa_fused3sb_d128_t16x64g11s32rko_buffer_buffer_half,type,%129,float16 16x16 use=A scope=3,,,
sarc_dev_orin_sdpa_fused3sb_d128_t16x64g11s32rko_buffer_buffer_half,type,%181,float16 16x16 use=Acc scope=3,,,
sarc_dev_orin_sdpa_fused3sb_d128_t16x64g11s32rko_buffer_buffer_half,muladd,%1054,result: float32 16x16 use=Acc scope=3,A: float16 16x16 use=A scope=3,B: float16 16x16 use=B scope=3,C: float32 16x16 use=Acc scope=3
sarc_dev_orin_sdpa_fused3sb_d128_t16x64g11s32rko_buffer_buffer_half,muladd,%1512,result: float32 16x16 use=Acc scope=3,A: float16 16x16 use=A scope=3,B: float16 16x16 use=B scope=3,C: float32 16x16 use=Acc scope=3
sarc_dev_orin_sdpa_fused3sb_d128_t16x64g11s32rko_buffer_buffer_half,muladd,%1539,result: float32 16x16 use=Acc scope=3,A: float16 16x16 use=A scope=3,B: float16 16x16 use=B scope=3,C: float32 16x16 use=Acc scope=3
sarc_dev_orin_sdpa_fused3sb_d128_t16x64g11s32rko_buffer_buffer_half,muladd,%1566,result: float32 16x16 use=Acc scope=3,A: float16 16x16 use=A scope=3,B: float16 16x16 use=B scope=3,C: float32 16x16 use=Acc scope=3
sarc_dev_orin_sdpa_fused3sb_d128_t16x64g11s32rko_buffer_buffer_half,muladd,%1596,result: float32 16x16 use=Acc scope=3,A: float16 16x16 use=A scope=3,B: float16 16x16 use=B scope=3,C: float32 16x16 use=Acc scope=3
sarc_dev_orin_sdpa_fused3sb_d128_t16x64g11s32rko_buffer_buffer_half,muladd,%1621,result: float32 16x16 use=Acc scope=3,A: float16 16x16 use=A scope=3,B: float16 16x16 use=B scope=3,C: float32 16x16 use=Acc scope=3
sarc_dev_orin_sdpa_fused3sb_d128_t16x64g11s32rko_buffer_buffer_half,muladd,%1646,result: float32 16x16 use=Acc scope=3,A: float16 16x16 use=A scope=3,B: float16 16x16 use=B scope=3,C: float32 16x16 use=Acc scope=3
sarc_dev_orin_sdpa_fused3sb_d128_t16x64g11s32rko_buffer_buffer_half,muladd,%1671,result: float32 16x16 use=Acc scope=3,A: float16 16x16 use=A scope=3,B: float16 16x16 use=B scope=3,C: float32 16x16 use=Acc scope=3
sarc_dev_orin_sdpa_fused3sb_d128_t16x64g11s32rko_buffer_buffer_half,muladd,%1704,result: float32 16x16 use=Acc scope=3,A: float16 16x16 use=A scope=3,B: float16 16x16 use=B scope=3,C: float32 16x16 use=Acc scope=3
sarc_dev_orin_sdpa_fused3sb_d128_t16x64g11s32rko_buffer_buffer_half,muladd,%1729,result: float32 16x16 use=Acc scope=3,A: float16 16x16 use=A scope=3,B: float16 16x16 use=B scope=3,C: float32 16x16 use=Acc scope=3
sarc_dev_orin_sdpa_fused3sb_d128_t16x64g11s32rko_buffer_buffer_half,muladd,%1754,result: float32 16x16 use=Acc scope=3,A: float16 16x16 use=A scope=3,B: float16 16x16 use=B scope=3,C: float32 16x16 use=Acc scope=3
sarc_dev_orin_sdpa_fused3sb_d128_t16x64g11s32rko_buffer_buffer_half,muladd,%1779,result: float32 16x16 use=Acc scope=3,A: float16 16x16 use=A scope=3,B: float16 16x16 use=B scope=3,C: float32 16x16 use=Acc scope=3
sarc_dev_orin_sdpa_fused3sb_d128_t16x64g11s32rko_buffer_buffer_half,muladd,%1812,result: float32 16x16 use=Acc scope=3,A: float16 16x16 use=A scope=3,B: float16 16x16 use=B scope=3,C: float32 16x16 use=Acc scope=3
sarc_dev_orin_sdpa_fused3sb_d128_t16x64g11s32rko_buffer_buffer_half,muladd,%1837,result: float32 16x16 use=Acc scope=3,A: float16 16x16 use=A scope=3,B: float16 16x16 use=B scope=3,C: float32 16x16 use=Acc scope=3
sarc_dev_orin_sdpa_fused3sb_d128_t16x64g11s32rko_buffer_buffer_half,muladd,%1862,result: float32 16x16 use=Acc scope=3,A: float16 16x16 use=A scope=3,B: float16 16x16 use=B scope=3,C: float32 16x16 use=Acc scope=3
sarc_dev_orin_sdpa_fused3sb_d128_t16x64g11s32rko_buffer_buffer_half,muladd,%1887,result: float32 16x16 use=Acc scope=3,A: float16 16x16 use=A scope=3,B: float16 16x16 use=B scope=3,C: float32 16x16 use=Acc scope=3
sarc_dev_orin_sdpa_fused3sb_d128_t16x64g11s32rko_buffer_buffer_half,muladd,%1920,result: float32 16x16 use=Acc scope=3,A: float16 16x16 use=A scope=3,B: float16 16x16 use=B scope=3,C: float32 16x16 use=Acc scope=3
sarc_dev_orin_sdpa_fused3sb_d128_t16x64g11s32rko_buffer_buffer_half,muladd,%1945,result: float32 16x16 use=Acc scope=3,A: float16 16x16 use=A scope=3,B: float16 16x16 use=B scope=3,C: float32 16x16 use=Acc scope=3
sarc_dev_orin_sdpa_fused3sb_d128_t16x64g11s32rko_buffer_buffer_half,muladd,%1970,result: float32 16x16 use=Acc scope=3,A: float16 16x16 use=A scope=3,B: float16 16x16 use=B scope=3,C: float32 16x16 use=Acc scope=3
sarc_dev_orin_sdpa_fused3sb_d128_t16x64g11s32rko_buffer_buffer_half,muladd,%1995,result: float32 16x16 use=Acc scope=3,A: float16 16x16 use=A scope=3,B: float16 16x16 use=B scope=3,C: float32 16x16 use=Acc scope=3
sarc_dev_orin_sdpa_fused3sb_d128_t16x64g11s32rko_buffer_buffer_half,muladd,%2028,result: float32 16x16 use=Acc scope=3,A: float16 16x16 use=A scope=3,B: float16 16x16 use=B scope=3,C: float32 16x16 use=Acc scope=3
sarc_dev_orin_sdpa_fused3sb_d128_t16x64g11s32rko_buffer_buffer_half,muladd,%2053,result: float32 16x16 use=Acc scope=3,A: float16 16x16 use=A scope=3,B: float16 16x16 use=B scope=3,C: float32 16x16 use=Acc scope=3
sarc_dev_orin_sdpa_fused3sb_d128_t16x64g11s32rko_buffer_buffer_half,muladd,%2078,result: float32 16x16 use=Acc scope=3,A: float16 16x16 use=A scope=3,B: float16 16x16 use=B scope=3,C: float32 16x16 use=Acc scope=3
sarc_dev_orin_sdpa_fused3sb_d128_t16x64g11s32rko_buffer_buffer_half,muladd,%2103,result: float32 16x16 use=Acc scope=3,A: float16 16x16 use=A scope=3,B: float16 16x16 use=B scope=3,C: float32 16x16 use=Acc scope=3
sarc_dev_orin_sdpa_fused3sb_d128_t16x64g11s32rko_buffer_buffer_half,muladd,%2136,result: float32 16x16 use=Acc scope=3,A: float16 16x16 use=A scope=3,B: float16 16x16 use=B scope=3,C: float32 16x16 use=Acc scope=3
sarc_dev_orin_sdpa_fused3sb_d128_t16x64g11s32rko_buffer_buffer_half,muladd,%2161,result: float32 16x16 use=Acc scope=3,A: float16 16x16 use=A scope=3,B: float16 16x16 use=B scope=3,C: float32 16x16 use=Acc scope=3
sarc_dev_orin_sdpa_fused3sb_d128_t16x64g11s32rko_buffer_buffer_half,muladd,%2186,result: float32 16x16 use=Acc scope=3,A: float16 16x16 use=A scope=3,B: float16 16x16 use=B scope=3,C: float32 16x16 use=Acc scope=3
sarc_dev_orin_sdpa_fused3sb_d128_t16x64g11s32rko_buffer_buffer_half,muladd,%2211,result: float32 16x16 use=Acc scope=3,A: float16 16x16 use=A scope=3,B: float16 16x16 use=B scope=3,C: float32 16x16 use=Acc scope=3
sarc_dev_orin_sdpa_fused3sb_d128_t16x64g11s32rko_buffer_buffer_half,muladd,%2244,result: float32 16x16 use=Acc scope=3,A: float16 16x16 use=A scope=3,B: float16 16x16 use=B scope=3,C: float32 16x16 use=Acc scope=3
sarc_dev_orin_sdpa_fused3sb_d128_t16x64g11s32rko_buffer_buffer_half,muladd,%2269,result: float32 16x16 use=Acc scope=3,A: float16 16x16 use=A scope=3,B: float16 16x16 use=B scope=3,C: float32 16x16 use=Acc scope=3
sarc_dev_orin_sdpa_fused3sb_d128_t16x64g11s32rko_buffer_buffer_half,muladd,%2294,result: float32 16x16 use=Acc scope=3,A: float16 16x16 use=A scope=3,B: float16 16x16 use=B scope=3,C: float32 16x16 use=Acc scope=3
sarc_dev_orin_sdpa_fused3sb_d128_t16x64g11s32rko_buffer_buffer_half,muladd,%2319,result: float32 16x16 use=Acc scope=3,A: float16 16x16 use=A scope=3,B: float16 16x16 use=B scope=3,C: float32 16x16 use=Acc scope=3
sarc_dev_orin_sdpa_fused3sb_d128_t16x64g11s32rko_buffer_buffer_half,muladd,%1196,result: float32 16x16 use=Acc scope=3,A: float16 16x16 use=A scope=3,B: float16 16x16 use=B scope=3,C: float32 16x16 use=Acc scope=3
sarc_dev_orin_sdpa_fused3sb_d128_t16x64g11s32rko_buffer_buffer_half,muladd,%2886,result: float32 16x16 use=Acc scope=3,A: float16 16x16 use=A scope=3,B: float16 16x16 use=B scope=3,C: float32 16x16 use=Acc scope=3
sarc_dev_orin_sdpa_fused3sb_d128_t16x64g11s32rko_buffer_buffer_half,muladd,%2913,result: float32 16x16 use=Acc scope=3,A: float16 16x16 use=A scope=3,B: float16 16x16 use=B scope=3,C: float32 16x16 use=Acc scope=3
sarc_dev_orin_sdpa_fused3sb_d128_t16x64g11s32rko_buffer_buffer_half,muladd,%2940,result: float32 16x16 use=Acc scope=3,A: float16 16x16 use=A scope=3,B: float16 16x16 use=B scope=3,C: float32 16x16 use=Acc scope=3
sarc_dev_orin_sdpa_fused3sb_d128_t16x64g11s32rko_buffer_buffer_half,muladd,%2967,result: float32 16x16 use=Acc scope=3,A: float16 16x16 use=A scope=3,B: float16 16x16 use=B scope=3,C: float32 16x16 use=Acc scope=3
sarc_dev_orin_sdpa_fused3sb_d128_t16x64g11s32rko_buffer_buffer_half,muladd,%2994,result: float32 16x16 use=Acc scope=3,A: float16 16x16 use=A scope=3,B: float16 16x16 use=B scope=3,C: float32 16x16 use=Acc scope=3
sarc_dev_orin_sdpa_fused3sb_d128_t16x64g11s32rko_buffer_buffer_half,muladd,%3021,result: float32 16x16 use=Acc scope=3,A: float16 16x16 use=A scope=3,B: float16 16x16 use=B scope=3,C: float32 16x16 use=Acc scope=3
sarc_dev_orin_sdpa_fused3sb_d128_t16x64g11s32rko_buffer_buffer_half,muladd,%3048,result: float32 16x16 use=Acc scope=3,A: float16 16x16 use=A scope=3,B: float16 16x16 use=B scope=3,C: float32 16x16 use=Acc scope=3
sarc_dev_orin_sdpa_fused3sb_d128_t16x64g11s32rko_buffer_buffer_half,muladd,%3093,result: float32 16x16 use=Acc scope=3,A: float16 16x16 use=A scope=3,B: float16 16x16 use=B scope=3,C: float32 16x16 use=Acc scope=3
sarc_dev_orin_sdpa_fused3sb_d128_t16x64g11s32rko_buffer_buffer_half,muladd,%3119,result: float32 16x16 use=Acc scope=3,A: float16 16x16 use=A scope=3,B: float16 16x16 use=B scope=3,C: float32 16x16 use=Acc scope=3
sarc_dev_orin_sdpa_fused3sb_d128_t16x64g11s32rko_buffer_buffer_half,muladd,%3145,result: float32 16x16 use=Acc scope=3,A: float16 16x16 use=A scope=3,B: float16 16x16 use=B scope=3,C: float32 16x16 use=Acc scope=3
sarc_dev_orin_sdpa_fused3sb_d128_t16x64g11s32rko_buffer_buffer_half,muladd,%3171,result: float32 16x16 use=Acc scope=3,A: float16 16x16 use=A scope=3,B: float16 16x16 use=B scope=3,C: float32 16x16 use=Acc scope=3
sarc_dev_orin_sdpa_fused3sb_d128_t16x64g11s32rko_buffer_buffer_half,muladd,%3197,result: float32 16x16 use=Acc scope=3,A: float16 16x16 use=A scope=3,B: float16 16x16 use=B scope=3,C: float32 16x16 use=Acc scope=3
sarc_dev_orin_sdpa_fused3sb_d128_t16x64g11s32rko_buffer_buffer_half,muladd,%3223,result: float32 16x16 use=Acc scope=3,A: float16 16x16 use=A scope=3,B: float16 16x16 use=B scope=3,C: float32 16x16 use=Acc scope=3
sarc_dev_orin_sdpa_fused3sb_d128_t16x64g11s32rko_buffer_buffer_half,muladd,%3249,result: float32 16x16 use=Acc scope=3,A: float16 16x16 use=A scope=3,B: float16 16x16 use=B scope=3,C: float32 16x16 use=Acc scope=3
sarc_dev_orin_sdpa_fused3sb_d128_t16x64g11s32rko_buffer_buffer_half,muladd,%3275,result: float32 16x16 use=Acc scope=3,A: float16 16x16 use=A scope=3,B: float16 16x16 use=B scope=3,C: float32 16x16 use=Acc scope=3
sarc_dev_orin_sdpa_fused3sb_d128_t16x64g11s32rko_buffer_buffer_half,muladd,%3323,result: float32 16x16 use=Acc scope=3,A: float16 16x16 use=A scope=3,B: float16 16x16 use=B scope=3,C: float32 16x16 use=Acc scope=3
sarc_dev_orin_sdpa_fused3sb_d128_t16x64g11s32rko_buffer_buffer_half,muladd,%3349,result: float32 16x16 use=Acc scope=3,A: float16 16x16 use=A scope=3,B: float16 16x16 use=B scope=3,C: float32 16x16 use=Acc scope=3
sarc_dev_orin_sdpa_fused3sb_d128_t16x64g11s32rko_buffer_buffer_half,muladd,%3375,result: float32 16x16 use=Acc scope=3,A: float16 16x16 use=A scope=3,B: float16 16x16 use=B scope=3,C: float32 16x16 use=Acc scope=3
sarc_dev_orin_sdpa_fused3sb_d128_t16x64g11s32rko_buffer_buffer_half,muladd,%3401,result: float32 16x16 use=Acc scope=3,A: float16 16x16 use=A scope=3,B: float16 16x16 use=B scope=3,C: float32 16x16 use=Acc scope=3
sarc_dev_orin_sdpa_fused3sb_d128_t16x64g11s32rko_buffer_buffer_half,muladd,%3427,result: float32 16x16 use=Acc scope=3,A: float16 16x16 use=A scope=3,B: float16 16x16 use=B scope=3,C: float32 16x16 use=Acc scope=3
sarc_dev_orin_sdpa_fused3sb_d128_t16x64g11s32rko_buffer_buffer_half,muladd,%3453,result: float32 16x16 use=Acc scope=3,A: float16 16x16 use=A scope=3,B: float16 16x16 use=B scope=3,C: float32 16x16 use=Acc scope=3
sarc_dev_orin_sdpa_fused3sb_d128_t16x64g11s32rko_buffer_buffer_half,muladd,%3479,result: float32 16x16 use=Acc scope=3,A: float16 16x16 use=A scope=3,B: float16 16x16 use=B scope=3,C: float32 16x16 use=Acc scope=3
sarc_dev_orin_sdpa_fused3sb_d128_t16x64g11s32rko_buffer_buffer_half,muladd,%3505,result: float32 16x16 use=Acc scope=3,A: float16 16x16 use=A scope=3,B: float16 16x16 use=B scope=3,C: float32 16x16 use=Acc scope=3
sarc_dev_orin_sdpa_fused3sb_d128_t16x64g11s32rko_buffer_buffer_half,muladd,%3553,result: float32 16x16 use=Acc scope=3,A: float16 16x16 use=A scope=3,B: float16 16x16 use=B scope=3,C: float32 16x16 use=Acc scope=3
sarc_dev_orin_sdpa_fused3sb_d128_t16x64g11s32rko_buffer_buffer_half,muladd,%3579,result: float32 16x16 use=Acc scope=3,A: float16 16x16 use=A scope=3,B: float16 16x16 use=B scope=3,C: float32 16x16 use=Acc scope=3
sarc_dev_orin_sdpa_fused3sb_d128_t16x64g11s32rko_buffer_buffer_half,muladd,%3605,result: float32 16x16 use=Acc scope=3,A: float16 16x16 use=A scope=3,B: float16 16x16 use=B scope=3,C: float32 16x16 use=Acc scope=3
sarc_dev_orin_sdpa_fused3sb_d128_t16x64g11s32rko_buffer_buffer_half,muladd,%3631,result: float32 16x16 use=Acc scope=3,A: float16 16x16 use=A scope=3,B: float16 16x16 use=B scope=3,C: float32 16x16 use=Acc scope=3
sarc_dev_orin_sdpa_fused3sb_d128_t16x64g11s32rko_buffer_buffer_half,muladd,%3657,result: float32 16x16 use=Acc scope=3,A: float16 16x16 use=A scope=3,B: float16 16x16 use=B scope=3,C: float32 16x16 use=Acc scope=3
sarc_dev_orin_sdpa_fused3sb_d128_t16x64g11s32rko_buffer_buffer_half,muladd,%3683,result: float32 16x16 use=Acc scope=3,A: float16 16x16 use=A scope=3,B: float16 16x16 use=B scope=3,C: float32 16x16 use=Acc scope=3
sarc_dev_orin_sdpa_fused3sb_d128_t16x64g11s32rko_buffer_buffer_half,muladd,%3709,result: float32 16x16 use=Acc scope=3,A: float16 16x16 use=A scope=3,B: float16 16x16 use=B scope=3,C: float32 16x16 use=Acc scope=3
sarc_dev_orin_sdpa_fused3sb_d128_t16x64g11s32rko_buffer_buffer_half,muladd,%3735,result: float32 16x16 use=Acc scope=3,A: float16 16x16 use=A scope=3,B: float16 16x16 use=B scope=3,C: float32 16x16 use=Acc scope=3
sarc_dev_orin_sdpa_fused3sb_d128_t16x64g11s32rko_buffer_buffer_half,counts,,static MulAdd=64,CooperativeMatrixLoad=78,CooperativeMatrixStore=12,ControlBarrier=9 OpExecutionMode %4 LocalSize 1 1 1
sarc_dev_orin_sdpa_fused3sb_d64_t32x32g11s32rko_buffer_buffer_half,type,%59,float32 16x16 use=Acc scope=3,,,
sarc_dev_orin_sdpa_fused3sb_d64_t32x32g11s32rko_buffer_buffer_half,type,%94,float16 16x16 use=B scope=3,,,
sarc_dev_orin_sdpa_fused3sb_d64_t32x32g11s32rko_buffer_buffer_half,type,%128,float16 16x16 use=A scope=3,,,
sarc_dev_orin_sdpa_fused3sb_d64_t32x32g11s32rko_buffer_buffer_half,type,%180,float16 16x16 use=Acc scope=3,,,
sarc_dev_orin_sdpa_fused3sb_d64_t32x32g11s32rko_buffer_buffer_half,muladd,%1053,result: float32 16x16 use=Acc scope=3,A: float16 16x16 use=A scope=3,B: float16 16x16 use=B scope=3,C: float32 16x16 use=Acc scope=3
sarc_dev_orin_sdpa_fused3sb_d64_t32x32g11s32rko_buffer_buffer_half,muladd,%1496,result: float32 16x16 use=Acc scope=3,A: float16 16x16 use=A scope=3,B: float16 16x16 use=B scope=3,C: float32 16x16 use=Acc scope=3
sarc_dev_orin_sdpa_fused3sb_d64_t32x32g11s32rko_buffer_buffer_half,muladd,%1520,result: float32 16x16 use=Acc scope=3,A: float16 16x16 use=A scope=3,B: float16 16x16 use=B scope=3,C: float32 16x16 use=Acc scope=3
sarc_dev_orin_sdpa_fused3sb_d64_t32x32g11s32rko_buffer_buffer_half,muladd,%1532,result: float32 16x16 use=Acc scope=3,A: float16 16x16 use=A scope=3,B: float16 16x16 use=B scope=3,C: float32 16x16 use=Acc scope=3
sarc_dev_orin_sdpa_fused3sb_d64_t32x32g11s32rko_buffer_buffer_half,muladd,%1562,result: float32 16x16 use=Acc scope=3,A: float16 16x16 use=A scope=3,B: float16 16x16 use=B scope=3,C: float32 16x16 use=Acc scope=3
sarc_dev_orin_sdpa_fused3sb_d64_t32x32g11s32rko_buffer_buffer_half,muladd,%1574,result: float32 16x16 use=Acc scope=3,A: float16 16x16 use=A scope=3,B: float16 16x16 use=B scope=3,C: float32 16x16 use=Acc scope=3
sarc_dev_orin_sdpa_fused3sb_d64_t32x32g11s32rko_buffer_buffer_half,muladd,%1599,result: float32 16x16 use=Acc scope=3,A: float16 16x16 use=A scope=3,B: float16 16x16 use=B scope=3,C: float32 16x16 use=Acc scope=3
sarc_dev_orin_sdpa_fused3sb_d64_t32x32g11s32rko_buffer_buffer_half,muladd,%1611,result: float32 16x16 use=Acc scope=3,A: float16 16x16 use=A scope=3,B: float16 16x16 use=B scope=3,C: float32 16x16 use=Acc scope=3
sarc_dev_orin_sdpa_fused3sb_d64_t32x32g11s32rko_buffer_buffer_half,muladd,%1644,result: float32 16x16 use=Acc scope=3,A: float16 16x16 use=A scope=3,B: float16 16x16 use=B scope=3,C: float32 16x16 use=Acc scope=3
sarc_dev_orin_sdpa_fused3sb_d64_t32x32g11s32rko_buffer_buffer_half,muladd,%1656,result: float32 16x16 use=Acc scope=3,A: float16 16x16 use=A scope=3,B: float16 16x16 use=B scope=3,C: float32 16x16 use=Acc scope=3
sarc_dev_orin_sdpa_fused3sb_d64_t32x32g11s32rko_buffer_buffer_half,muladd,%1681,result: float32 16x16 use=Acc scope=3,A: float16 16x16 use=A scope=3,B: float16 16x16 use=B scope=3,C: float32 16x16 use=Acc scope=3
sarc_dev_orin_sdpa_fused3sb_d64_t32x32g11s32rko_buffer_buffer_half,muladd,%1693,result: float32 16x16 use=Acc scope=3,A: float16 16x16 use=A scope=3,B: float16 16x16 use=B scope=3,C: float32 16x16 use=Acc scope=3
sarc_dev_orin_sdpa_fused3sb_d64_t32x32g11s32rko_buffer_buffer_half,muladd,%1726,result: float32 16x16 use=Acc scope=3,A: float16 16x16 use=A scope=3,B: float16 16x16 use=B scope=3,C: float32 16x16 use=Acc scope=3
sarc_dev_orin_sdpa_fused3sb_d64_t32x32g11s32rko_buffer_buffer_half,muladd,%1738,result: float32 16x16 use=Acc scope=3,A: float16 16x16 use=A scope=3,B: float16 16x16 use=B scope=3,C: float32 16x16 use=Acc scope=3
sarc_dev_orin_sdpa_fused3sb_d64_t32x32g11s32rko_buffer_buffer_half,muladd,%1763,result: float32 16x16 use=Acc scope=3,A: float16 16x16 use=A scope=3,B: float16 16x16 use=B scope=3,C: float32 16x16 use=Acc scope=3
sarc_dev_orin_sdpa_fused3sb_d64_t32x32g11s32rko_buffer_buffer_half,muladd,%1775,result: float32 16x16 use=Acc scope=3,A: float16 16x16 use=A scope=3,B: float16 16x16 use=B scope=3,C: float32 16x16 use=Acc scope=3
sarc_dev_orin_sdpa_fused3sb_d64_t32x32g11s32rko_buffer_buffer_half,muladd,%1195,result: float32 16x16 use=Acc scope=3,A: float16 16x16 use=A scope=3,B: float16 16x16 use=B scope=3,C: float32 16x16 use=Acc scope=3
sarc_dev_orin_sdpa_fused3sb_d64_t32x32g11s32rko_buffer_buffer_half,muladd,%2346,result: float32 16x16 use=Acc scope=3,A: float16 16x16 use=A scope=3,B: float16 16x16 use=B scope=3,C: float32 16x16 use=Acc scope=3
sarc_dev_orin_sdpa_fused3sb_d64_t32x32g11s32rko_buffer_buffer_half,muladd,%2370,result: float32 16x16 use=Acc scope=3,A: float16 16x16 use=A scope=3,B: float16 16x16 use=B scope=3,C: float32 16x16 use=Acc scope=3
sarc_dev_orin_sdpa_fused3sb_d64_t32x32g11s32rko_buffer_buffer_half,muladd,%2382,result: float32 16x16 use=Acc scope=3,A: float16 16x16 use=A scope=3,B: float16 16x16 use=B scope=3,C: float32 16x16 use=Acc scope=3
sarc_dev_orin_sdpa_fused3sb_d64_t32x32g11s32rko_buffer_buffer_half,muladd,%2409,result: float32 16x16 use=Acc scope=3,A: float16 16x16 use=A scope=3,B: float16 16x16 use=B scope=3,C: float32 16x16 use=Acc scope=3
sarc_dev_orin_sdpa_fused3sb_d64_t32x32g11s32rko_buffer_buffer_half,muladd,%2421,result: float32 16x16 use=Acc scope=3,A: float16 16x16 use=A scope=3,B: float16 16x16 use=B scope=3,C: float32 16x16 use=Acc scope=3
sarc_dev_orin_sdpa_fused3sb_d64_t32x32g11s32rko_buffer_buffer_half,muladd,%2448,result: float32 16x16 use=Acc scope=3,A: float16 16x16 use=A scope=3,B: float16 16x16 use=B scope=3,C: float32 16x16 use=Acc scope=3
sarc_dev_orin_sdpa_fused3sb_d64_t32x32g11s32rko_buffer_buffer_half,muladd,%2460,result: float32 16x16 use=Acc scope=3,A: float16 16x16 use=A scope=3,B: float16 16x16 use=B scope=3,C: float32 16x16 use=Acc scope=3
sarc_dev_orin_sdpa_fused3sb_d64_t32x32g11s32rko_buffer_buffer_half,muladd,%2518,result: float32 16x16 use=Acc scope=3,A: float16 16x16 use=A scope=3,B: float16 16x16 use=B scope=3,C: float32 16x16 use=Acc scope=3
sarc_dev_orin_sdpa_fused3sb_d64_t32x32g11s32rko_buffer_buffer_half,muladd,%2530,result: float32 16x16 use=Acc scope=3,A: float16 16x16 use=A scope=3,B: float16 16x16 use=B scope=3,C: float32 16x16 use=Acc scope=3
sarc_dev_orin_sdpa_fused3sb_d64_t32x32g11s32rko_buffer_buffer_half,muladd,%2556,result: float32 16x16 use=Acc scope=3,A: float16 16x16 use=A scope=3,B: float16 16x16 use=B scope=3,C: float32 16x16 use=Acc scope=3
sarc_dev_orin_sdpa_fused3sb_d64_t32x32g11s32rko_buffer_buffer_half,muladd,%2568,result: float32 16x16 use=Acc scope=3,A: float16 16x16 use=A scope=3,B: float16 16x16 use=B scope=3,C: float32 16x16 use=Acc scope=3
sarc_dev_orin_sdpa_fused3sb_d64_t32x32g11s32rko_buffer_buffer_half,muladd,%2594,result: float32 16x16 use=Acc scope=3,A: float16 16x16 use=A scope=3,B: float16 16x16 use=B scope=3,C: float32 16x16 use=Acc scope=3
sarc_dev_orin_sdpa_fused3sb_d64_t32x32g11s32rko_buffer_buffer_half,muladd,%2606,result: float32 16x16 use=Acc scope=3,A: float16 16x16 use=A scope=3,B: float16 16x16 use=B scope=3,C: float32 16x16 use=Acc scope=3
sarc_dev_orin_sdpa_fused3sb_d64_t32x32g11s32rko_buffer_buffer_half,muladd,%2632,result: float32 16x16 use=Acc scope=3,A: float16 16x16 use=A scope=3,B: float16 16x16 use=B scope=3,C: float32 16x16 use=Acc scope=3
sarc_dev_orin_sdpa_fused3sb_d64_t32x32g11s32rko_buffer_buffer_half,muladd,%2644,result: float32 16x16 use=Acc scope=3,A: float16 16x16 use=A scope=3,B: float16 16x16 use=B scope=3,C: float32 16x16 use=Acc scope=3
sarc_dev_orin_sdpa_fused3sb_d64_t32x32g11s32rko_buffer_buffer_half,counts,,static MulAdd=32,CooperativeMatrixLoad=32,CooperativeMatrixStore=12,ControlBarrier=7 OpExecutionMode %4 LocalSize 1 1 1
sarc_linear_dq8ca_coopmat_zpgtr_orin_bf_t128x128k64g24s32mk32ra_texture3d_texture2d_half,type,%116,float32 16x16 use=Acc scope=3,,,
sarc_linear_dq8ca_coopmat_zpgtr_orin_bf_t128x128k64g24s32mk32ra_texture3d_texture2d_half,type,%127,sint32 16x16 use=Acc scope=3,,,
sarc_linear_dq8ca_coopmat_zpgtr_orin_bf_t128x128k64g24s32mk32ra_texture3d_texture2d_half,type,%818,sint8 16x32 use=A scope=3,,,
sarc_linear_dq8ca_coopmat_zpgtr_orin_bf_t128x128k64g24s32mk32ra_texture3d_texture2d_half,type,%854,sint8 32x16 use=B scope=3,,,
sarc_linear_dq8ca_coopmat_zpgtr_orin_bf_t128x128k64g24s32mk32ra_texture3d_texture2d_half,type,%1209,float16 16x16 use=Acc scope=3,,,
sarc_linear_dq8ca_coopmat_zpgtr_orin_bf_t128x128k64g24s32mk32ra_texture3d_texture2d_half,muladd,%885,result: sint32 16x16 use=Acc scope=3,A: sint8 16x32 use=A scope=3,B: sint8 32x16 use=B scope=3,C: sint32 16x16 use=Acc scope=3 operands:MatrixASignedComponentsKHR|MatrixBSignedComponentsKHR|MatrixCSignedComponentsKHR|MatrixResultSignedComponentsKHR
sarc_linear_dq8ca_coopmat_zpgtr_orin_bf_t128x128k64g24s32mk32ra_texture3d_texture2d_half,muladd,%2214,result: sint32 16x16 use=Acc scope=3,A: sint8 16x32 use=A scope=3,B: sint8 32x16 use=B scope=3,C: sint32 16x16 use=Acc scope=3 operands:MatrixASignedComponentsKHR|MatrixBSignedComponentsKHR|MatrixCSignedComponentsKHR|MatrixResultSignedComponentsKHR
sarc_linear_dq8ca_coopmat_zpgtr_orin_bf_t128x128k64g24s32mk32ra_texture3d_texture2d_half,muladd,%2239,result: sint32 16x16 use=Acc scope=3,A: sint8 16x32 use=A scope=3,B: sint8 32x16 use=B scope=3,C: sint32 16x16 use=Acc scope=3 operands:MatrixASignedComponentsKHR|MatrixBSignedComponentsKHR|MatrixCSignedComponentsKHR|MatrixResultSignedComponentsKHR
sarc_linear_dq8ca_coopmat_zpgtr_orin_bf_t128x128k64g24s32mk32ra_texture3d_texture2d_half,muladd,%2251,result: sint32 16x16 use=Acc scope=3,A: sint8 16x32 use=A scope=3,B: sint8 32x16 use=B scope=3,C: sint32 16x16 use=Acc scope=3 operands:MatrixASignedComponentsKHR|MatrixBSignedComponentsKHR|MatrixCSignedComponentsKHR|MatrixResultSignedComponentsKHR
sarc_linear_dq8ca_coopmat_zpgtr_orin_bf_t128x128k64g24s32mk32ra_texture3d_texture2d_half,muladd,%2279,result: sint32 16x16 use=Acc scope=3,A: sint8 16x32 use=A scope=3,B: sint8 32x16 use=B scope=3,C: sint32 16x16 use=Acc scope=3 operands:MatrixASignedComponentsKHR|MatrixBSignedComponentsKHR|MatrixCSignedComponentsKHR|MatrixResultSignedComponentsKHR
sarc_linear_dq8ca_coopmat_zpgtr_orin_bf_t128x128k64g24s32mk32ra_texture3d_texture2d_half,muladd,%2291,result: sint32 16x16 use=Acc scope=3,A: sint8 16x32 use=A scope=3,B: sint8 32x16 use=B scope=3,C: sint32 16x16 use=Acc scope=3 operands:MatrixASignedComponentsKHR|MatrixBSignedComponentsKHR|MatrixCSignedComponentsKHR|MatrixResultSignedComponentsKHR
sarc_linear_dq8ca_coopmat_zpgtr_orin_bf_t128x128k64g24s32mk32ra_texture3d_texture2d_half,muladd,%2319,result: sint32 16x16 use=Acc scope=3,A: sint8 16x32 use=A scope=3,B: sint8 32x16 use=B scope=3,C: sint32 16x16 use=Acc scope=3 operands:MatrixASignedComponentsKHR|MatrixBSignedComponentsKHR|MatrixCSignedComponentsKHR|MatrixResultSignedComponentsKHR
sarc_linear_dq8ca_coopmat_zpgtr_orin_bf_t128x128k64g24s32mk32ra_texture3d_texture2d_half,muladd,%2331,result: sint32 16x16 use=Acc scope=3,A: sint8 16x32 use=A scope=3,B: sint8 32x16 use=B scope=3,C: sint32 16x16 use=Acc scope=3 operands:MatrixASignedComponentsKHR|MatrixBSignedComponentsKHR|MatrixCSignedComponentsKHR|MatrixResultSignedComponentsKHR
sarc_linear_dq8ca_coopmat_zpgtr_orin_bf_t128x128k64g24s32mk32ra_texture3d_texture2d_half,muladd,%2400,result: sint32 16x16 use=Acc scope=3,A: sint8 16x32 use=A scope=3,B: sint8 32x16 use=B scope=3,C: sint32 16x16 use=Acc scope=3 operands:MatrixASignedComponentsKHR|MatrixBSignedComponentsKHR|MatrixCSignedComponentsKHR|MatrixResultSignedComponentsKHR
sarc_linear_dq8ca_coopmat_zpgtr_orin_bf_t128x128k64g24s32mk32ra_texture3d_texture2d_half,muladd,%2412,result: sint32 16x16 use=Acc scope=3,A: sint8 16x32 use=A scope=3,B: sint8 32x16 use=B scope=3,C: sint32 16x16 use=Acc scope=3 operands:MatrixASignedComponentsKHR|MatrixBSignedComponentsKHR|MatrixCSignedComponentsKHR|MatrixResultSignedComponentsKHR
sarc_linear_dq8ca_coopmat_zpgtr_orin_bf_t128x128k64g24s32mk32ra_texture3d_texture2d_half,muladd,%2439,result: sint32 16x16 use=Acc scope=3,A: sint8 16x32 use=A scope=3,B: sint8 32x16 use=B scope=3,C: sint32 16x16 use=Acc scope=3 operands:MatrixASignedComponentsKHR|MatrixBSignedComponentsKHR|MatrixCSignedComponentsKHR|MatrixResultSignedComponentsKHR
sarc_linear_dq8ca_coopmat_zpgtr_orin_bf_t128x128k64g24s32mk32ra_texture3d_texture2d_half,muladd,%2451,result: sint32 16x16 use=Acc scope=3,A: sint8 16x32 use=A scope=3,B: sint8 32x16 use=B scope=3,C: sint32 16x16 use=Acc scope=3 operands:MatrixASignedComponentsKHR|MatrixBSignedComponentsKHR|MatrixCSignedComponentsKHR|MatrixResultSignedComponentsKHR
sarc_linear_dq8ca_coopmat_zpgtr_orin_bf_t128x128k64g24s32mk32ra_texture3d_texture2d_half,muladd,%2478,result: sint32 16x16 use=Acc scope=3,A: sint8 16x32 use=A scope=3,B: sint8 32x16 use=B scope=3,C: sint32 16x16 use=Acc scope=3 operands:MatrixASignedComponentsKHR|MatrixBSignedComponentsKHR|MatrixCSignedComponentsKHR|MatrixResultSignedComponentsKHR
sarc_linear_dq8ca_coopmat_zpgtr_orin_bf_t128x128k64g24s32mk32ra_texture3d_texture2d_half,muladd,%2490,result: sint32 16x16 use=Acc scope=3,A: sint8 16x32 use=A scope=3,B: sint8 32x16 use=B scope=3,C: sint32 16x16 use=Acc scope=3 operands:MatrixASignedComponentsKHR|MatrixBSignedComponentsKHR|MatrixCSignedComponentsKHR|MatrixResultSignedComponentsKHR
sarc_linear_dq8ca_coopmat_zpgtr_orin_bf_t128x128k64g24s32mk32ra_texture3d_texture2d_half,muladd,%2517,result: sint32 16x16 use=Acc scope=3,A: sint8 16x32 use=A scope=3,B: sint8 32x16 use=B scope=3,C: sint32 16x16 use=Acc scope=3 operands:MatrixASignedComponentsKHR|MatrixBSignedComponentsKHR|MatrixCSignedComponentsKHR|MatrixResultSignedComponentsKHR
sarc_linear_dq8ca_coopmat_zpgtr_orin_bf_t128x128k64g24s32mk32ra_texture3d_texture2d_half,muladd,%2529,result: sint32 16x16 use=Acc scope=3,A: sint8 16x32 use=A scope=3,B: sint8 32x16 use=B scope=3,C: sint32 16x16 use=Acc scope=3 operands:MatrixASignedComponentsKHR|MatrixBSignedComponentsKHR|MatrixCSignedComponentsKHR|MatrixResultSignedComponentsKHR
sarc_linear_dq8ca_coopmat_zpgtr_orin_bf_t128x128k64g24s32mk32ra_texture3d_texture2d_half,counts,,static MulAdd=16,CooperativeMatrixLoad=24,CooperativeMatrixStore=4,ControlBarrier=4 OpExecutionMode %4 LocalSize 1 1 1
sarc_linear_q4gsw_coopmat_orin_t256x128k16g42s32bt_texture3d_texture2d_half,type,%215,float16 16x16 use=Acc scope=3,,,
sarc_linear_q4gsw_coopmat_orin_t256x128k16g42s32bt_texture3d_texture2d_half,type,%640,float16 16x16 use=A scope=3,,,
sarc_linear_q4gsw_coopmat_orin_t256x128k16g42s32bt_texture3d_texture2d_half,type,%680,float16 16x16 use=B scope=3,,,
sarc_linear_q4gsw_coopmat_orin_t256x128k16g42s32bt_texture3d_texture2d_half,muladd,%717,result: float16 16x16 use=Acc scope=3,A: float16 16x16 use=A scope=3,B: float16 16x16 use=B scope=3,C: float16 16x16 use=Acc scope=3
sarc_linear_q4gsw_coopmat_orin_t256x128k16g42s32bt_texture3d_texture2d_half,muladd,%1845,result: float16 16x16 use=Acc scope=3,A: float16 16x16 use=A scope=3,B: float16 16x16 use=B scope=3,C: float16 16x16 use=Acc scope=3
sarc_linear_q4gsw_coopmat_orin_t256x128k16g42s32bt_texture3d_texture2d_half,muladd,%1858,result: float16 16x16 use=Acc scope=3,A: float16 16x16 use=A scope=3,B: float16 16x16 use=B scope=3,C: float16 16x16 use=Acc scope=3
sarc_linear_q4gsw_coopmat_orin_t256x128k16g42s32bt_texture3d_texture2d_half,muladd,%1871,result: float16 16x16 use=Acc scope=3,A: float16 16x16 use=A scope=3,B: float16 16x16 use=B scope=3,C: float16 16x16 use=Acc scope=3
sarc_linear_q4gsw_coopmat_orin_t256x128k16g42s32bt_texture3d_texture2d_half,muladd,%1884,result: float16 16x16 use=Acc scope=3,A: float16 16x16 use=A scope=3,B: float16 16x16 use=B scope=3,C: float16 16x16 use=Acc scope=3
sarc_linear_q4gsw_coopmat_orin_t256x128k16g42s32bt_texture3d_texture2d_half,muladd,%1897,result: float16 16x16 use=Acc scope=3,A: float16 16x16 use=A scope=3,B: float16 16x16 use=B scope=3,C: float16 16x16 use=Acc scope=3
sarc_linear_q4gsw_coopmat_orin_t256x128k16g42s32bt_texture3d_texture2d_half,muladd,%1910,result: float16 16x16 use=Acc scope=3,A: float16 16x16 use=A scope=3,B: float16 16x16 use=B scope=3,C: float16 16x16 use=Acc scope=3
sarc_linear_q4gsw_coopmat_orin_t256x128k16g42s32bt_texture3d_texture2d_half,muladd,%1923,result: float16 16x16 use=Acc scope=3,A: float16 16x16 use=A scope=3,B: float16 16x16 use=B scope=3,C: float16 16x16 use=Acc scope=3
sarc_linear_q4gsw_coopmat_orin_t256x128k16g42s32bt_texture3d_texture2d_half,muladd,%1950,result: float16 16x16 use=Acc scope=3,A: float16 16x16 use=A scope=3,B: float16 16x16 use=B scope=3,C: float16 16x16 use=Acc scope=3
sarc_linear_q4gsw_coopmat_orin_t256x128k16g42s32bt_texture3d_texture2d_half,muladd,%1962,result: float16 16x16 use=Acc scope=3,A: float16 16x16 use=A scope=3,B: float16 16x16 use=B scope=3,C: float16 16x16 use=Acc scope=3
sarc_linear_q4gsw_coopmat_orin_t256x128k16g42s32bt_texture3d_texture2d_half,muladd,%1974,result: float16 16x16 use=Acc scope=3,A: float16 16x16 use=A scope=3,B: float16 16x16 use=B scope=3,C: float16 16x16 use=Acc scope=3
sarc_linear_q4gsw_coopmat_orin_t256x128k16g42s32bt_texture3d_texture2d_half,muladd,%1986,result: float16 16x16 use=Acc scope=3,A: float16 16x16 use=A scope=3,B: float16 16x16 use=B scope=3,C: float16 16x16 use=Acc scope=3
sarc_linear_q4gsw_coopmat_orin_t256x128k16g42s32bt_texture3d_texture2d_half,muladd,%1998,result: float16 16x16 use=Acc scope=3,A: float16 16x16 use=A scope=3,B: float16 16x16 use=B scope=3,C: float16 16x16 use=Acc scope=3
sarc_linear_q4gsw_coopmat_orin_t256x128k16g42s32bt_texture3d_texture2d_half,muladd,%2010,result: float16 16x16 use=Acc scope=3,A: float16 16x16 use=A scope=3,B: float16 16x16 use=B scope=3,C: float16 16x16 use=Acc scope=3
sarc_linear_q4gsw_coopmat_orin_t256x128k16g42s32bt_texture3d_texture2d_half,muladd,%2022,result: float16 16x16 use=Acc scope=3,A: float16 16x16 use=A scope=3,B: float16 16x16 use=B scope=3,C: float16 16x16 use=Acc scope=3
sarc_linear_q4gsw_coopmat_orin_t256x128k16g42s32bt_texture3d_texture2d_half,muladd,%2034,result: float16 16x16 use=Acc scope=3,A: float16 16x16 use=A scope=3,B: float16 16x16 use=B scope=3,C: float16 16x16 use=Acc scope=3
sarc_linear_q4gsw_coopmat_orin_t256x128k16g42s32bt_texture3d_texture2d_half,muladd,%901,result: float16 16x16 use=Acc scope=3,A: float16 16x16 use=A scope=3,B: float16 16x16 use=B scope=3,C: float16 16x16 use=Acc scope=3
sarc_linear_q4gsw_coopmat_orin_t256x128k16g42s32bt_texture3d_texture2d_half,muladd,%1476,result: float16 16x16 use=Acc scope=3,A: float16 16x16 use=A scope=3,B: float16 16x16 use=B scope=3,C: float16 16x16 use=Acc scope=3
sarc_linear_q4gsw_coopmat_orin_t256x128k16g42s32bt_texture3d_texture2d_half,muladd,%1489,result: float16 16x16 use=Acc scope=3,A: float16 16x16 use=A scope=3,B: float16 16x16 use=B scope=3,C: float16 16x16 use=Acc scope=3
sarc_linear_q4gsw_coopmat_orin_t256x128k16g42s32bt_texture3d_texture2d_half,muladd,%1502,result: float16 16x16 use=Acc scope=3,A: float16 16x16 use=A scope=3,B: float16 16x16 use=B scope=3,C: float16 16x16 use=Acc scope=3
sarc_linear_q4gsw_coopmat_orin_t256x128k16g42s32bt_texture3d_texture2d_half,muladd,%1515,result: float16 16x16 use=Acc scope=3,A: float16 16x16 use=A scope=3,B: float16 16x16 use=B scope=3,C: float16 16x16 use=Acc scope=3
sarc_linear_q4gsw_coopmat_orin_t256x128k16g42s32bt_texture3d_texture2d_half,muladd,%1528,result: float16 16x16 use=Acc scope=3,A: float16 16x16 use=A scope=3,B: float16 16x16 use=B scope=3,C: float16 16x16 use=Acc scope=3
sarc_linear_q4gsw_coopmat_orin_t256x128k16g42s32bt_texture3d_texture2d_half,muladd,%1541,result: float16 16x16 use=Acc scope=3,A: float16 16x16 use=A scope=3,B: float16 16x16 use=B scope=3,C: float16 16x16 use=Acc scope=3
sarc_linear_q4gsw_coopmat_orin_t256x128k16g42s32bt_texture3d_texture2d_half,muladd,%1554,result: float16 16x16 use=Acc scope=3,A: float16 16x16 use=A scope=3,B: float16 16x16 use=B scope=3,C: float16 16x16 use=Acc scope=3
sarc_linear_q4gsw_coopmat_orin_t256x128k16g42s32bt_texture3d_texture2d_half,muladd,%1581,result: float16 16x16 use=Acc scope=3,A: float16 16x16 use=A scope=3,B: float16 16x16 use=B scope=3,C: float16 16x16 use=Acc scope=3
sarc_linear_q4gsw_coopmat_orin_t256x128k16g42s32bt_texture3d_texture2d_half,muladd,%1593,result: float16 16x16 use=Acc scope=3,A: float16 16x16 use=A scope=3,B: float16 16x16 use=B scope=3,C: float16 16x16 use=Acc scope=3
sarc_linear_q4gsw_coopmat_orin_t256x128k16g42s32bt_texture3d_texture2d_half,muladd,%1605,result: float16 16x16 use=Acc scope=3,A: float16 16x16 use=A scope=3,B: float16 16x16 use=B scope=3,C: float16 16x16 use=Acc scope=3
sarc_linear_q4gsw_coopmat_orin_t256x128k16g42s32bt_texture3d_texture2d_half,muladd,%1617,result: float16 16x16 use=Acc scope=3,A: float16 16x16 use=A scope=3,B: float16 16x16 use=B scope=3,C: float16 16x16 use=Acc scope=3
sarc_linear_q4gsw_coopmat_orin_t256x128k16g42s32bt_texture3d_texture2d_half,muladd,%1629,result: float16 16x16 use=Acc scope=3,A: float16 16x16 use=A scope=3,B: float16 16x16 use=B scope=3,C: float16 16x16 use=Acc scope=3
sarc_linear_q4gsw_coopmat_orin_t256x128k16g42s32bt_texture3d_texture2d_half,muladd,%1641,result: float16 16x16 use=Acc scope=3,A: float16 16x16 use=A scope=3,B: float16 16x16 use=B scope=3,C: float16 16x16 use=Acc scope=3
sarc_linear_q4gsw_coopmat_orin_t256x128k16g42s32bt_texture3d_texture2d_half,muladd,%1653,result: float16 16x16 use=Acc scope=3,A: float16 16x16 use=A scope=3,B: float16 16x16 use=B scope=3,C: float16 16x16 use=Acc scope=3
sarc_linear_q4gsw_coopmat_orin_t256x128k16g42s32bt_texture3d_texture2d_half,muladd,%1665,result: float16 16x16 use=Acc scope=3,A: float16 16x16 use=A scope=3,B: float16 16x16 use=B scope=3,C: float16 16x16 use=Acc scope=3
sarc_linear_q4gsw_coopmat_orin_t256x128k16g42s32bt_texture3d_texture2d_half,counts,,static MulAdd=32,CooperativeMatrixLoad=20,CooperativeMatrixStore=2,ControlBarrier=4 OpExecutionMode %4 LocalSize 1 1 1
