sarc_linear_q4gsw_coopmat_t128x128k16g44s16m8fli_texture3d_texture2d_half,type,%175,fp16,8,16,Acc
sarc_linear_q4gsw_coopmat_t128x128k16g44s16m8fli_texture3d_texture2d_half,type,%523,fp16,8,16,A
sarc_linear_q4gsw_coopmat_t128x128k16g44s16m8fli_texture3d_texture2d_half,type,%576,fp16,16,16,B
sarc_linear_q4gsw_coopmat_t128x128k16g44s16m8fli_texture3d_texture2d_half,muladd,16,fp16 8x16 A,fp16 16x16 B,fp16 8x16 Acc,fp16 8x16 Acc,-
sarc_linear_q4gsw_coopmat_t128x128k16g44s16m8fli_texture3d_texture2d_half,version,1.3
sarc_dev_linear_dq8ca_coopmat_zpg_xe2bt_t128x128k64g84s16m8_texture3d_texture2d_half,type,%113,fp32,8,16,Acc
sarc_dev_linear_dq8ca_coopmat_zpg_xe2bt_t128x128k64g84s16m8_texture3d_texture2d_half,type,%124,sint32,8,16,Acc
sarc_dev_linear_dq8ca_coopmat_zpg_xe2bt_t128x128k64g84s16m8_texture3d_texture2d_half,type,%789,sint8,8,32,A
sarc_dev_linear_dq8ca_coopmat_zpg_xe2bt_t128x128k64g84s16m8_texture3d_texture2d_half,type,%823,sint8,32,16,B
sarc_dev_linear_dq8ca_coopmat_zpg_xe2bt_t128x128k64g84s16m8_texture3d_texture2d_half,type,%1134,fp16,8,16,Acc
sarc_dev_linear_dq8ca_coopmat_zpg_xe2bt_t128x128k64g84s16m8_texture3d_texture2d_half,muladd,8,sint8 8x32 A,sint8 32x16 B,sint32 8x16 Acc,sint32 8x16 Acc,MatrixASignedComponentsKHR|MatrixBSignedComponentsKHR|MatrixCSignedComponentsKHR|MatrixResultSignedComponentsKHR
sarc_dev_linear_dq8ca_coopmat_zpg_xe2bt_t128x128k64g84s16m8_texture3d_texture2d_half,version,1.3
sarc_dev_b580_sdpa_fused_d64_t16x64s16m8g4roj_buffer_buffer_half,type,%69,fp32,8,16,Acc
sarc_dev_b580_sdpa_fused_d64_t16x64s16m8g4roj_buffer_buffer_half,type,%90,fp16,16,16,B
sarc_dev_b580_sdpa_fused_d64_t16x64s16m8g4roj_buffer_buffer_half,type,%123,fp16,8,16,A
sarc_dev_b580_sdpa_fused_d64_t16x64s16m8g4roj_buffer_buffer_half,type,%161,fp16,8,16,Acc
sarc_dev_b580_sdpa_fused_d64_t16x64s16m8g4roj_buffer_buffer_half,muladd,16,fp16 8x16 A,fp16 16x16 B,fp32 8x16 Acc,fp32 8x16 Acc,-
sarc_dev_b580_sdpa_fused_d64_t16x64s16m8g4roj_buffer_buffer_half,version,1.3
sarc_dev_b580_sdpa_fused_d128_t16x128s16m8g8oj_buffer_buffer_half,type,%68,fp32,8,16,Acc
sarc_dev_b580_sdpa_fused_d128_t16x128s16m8g8oj_buffer_buffer_half,type,%89,fp16,16,16,B
sarc_dev_b580_sdpa_fused_d128_t16x128s16m8g8oj_buffer_buffer_half,type,%121,fp16,8,16,A
sarc_dev_b580_sdpa_fused_d128_t16x128s16m8g8oj_buffer_buffer_half,type,%178,fp16,8,16,Acc
sarc_dev_b580_sdpa_fused_d128_t16x128s16m8g8oj_buffer_buffer_half,muladd,32,fp16 8x16 A,fp16 16x16 B,fp32 8x16 Acc,fp32 8x16 Acc,-
sarc_dev_b580_sdpa_fused_d128_t16x128s16m8g8oj_buffer_buffer_half,version,1.3
