K,M,N,achieved_gbps,achieved_tops,attainable_tops,bound,compute_fraction,compute_roof,feed_fraction,feed_roof,intensity_ops_per_byte,kernel,kernel_median_us,layer,memory_fraction,memory_roof,model,regime,roof_fraction,scheme,storage,suite,variant
4096,2048,4096,0.23397928816942012,0.38097059948996564,10.957631281561707,compute,0.03476760530636041,matrix_fp16,0.035326984029883275,matrix_fp16_feed_shared,1628.223602484472,linear_q4gsw_coopmat_tsweep_dbuf4_t128x128k16g22s32_texture3d_texture2d_half,180380,wq_wo,0.002699603744019867,global_read,llama-3.1-8b,prefill,0.03476760530636041,4w,texture3d,linear,coopmat
4096,2048,4096,0.25949106648795545,0.4225094790895565,10.957631281561707,compute,0.03855846836172603,matrix_fp16,0.03917883857771077,matrix_fp16_feed_shared,1628.223602484472,linear_q4gsw_coopmat_tsweep_dbuf4_t128x128k16g22s32_buffer_texture2d_half,162646,wq_wo,0.0029939532687327307,global_read,llama-3.1-8b,prefill,0.03855846836172603,4w,buffer,linear,coopmat
4096,2048,1024,0.5565857402350564,0.4133303464254352,10.957631281561707,compute,0.03772077521178705,matrix_fp16,0.03832766771710441,matrix_fp16_feed_shared,742.6175637393768,linear_q4gsw_coopmat_tsweep_dbuf4_t128x128k16g22s32_texture3d_texture2d_half,41564.5,wk_wv,0.006421769037602381,global_read,llama-3.1-8b,prefill,0.03772077521178705,4w,texture3d,linear,coopmat
4096,2048,1024,0.6097079047310315,0.4527797988039987,10.957631281561707,compute,0.041320955886322494,matrix_fp16,0.041985771980349175,matrix_fp16_feed_shared,742.6175637393768,linear_q4gsw_coopmat_tsweep_dbuf4_t128x128k16g22s32_buffer_texture2d_half,37943.1,wk_wv,0.007034681382475976,global_read,llama-3.1-8b,prefill,0.041320955886322494,4w,buffer,linear,coopmat
4096,2048,14336,0.16010859673713307,0.3640651250079468,10.957631281561707,compute,0.03322480157007614,matrix_fp16,0.033759358003509,matrix_fp16_feed_shared,2273.8636926889717,linear_q4gsw_coopmat_tsweep_dbuf4_t128x128k16g22s32_texture3d_texture2d_half,660646,w1_w3,0.0018472992656014993,global_read,llama-3.1-8b,prefill,0.03322480157007614,4w,texture3d,linear,coopmat
4096,2048,14336,0.1810141987551917,0.41160161441061566,10.957631281561707,compute,0.03756301009171694,matrix_fp16,0.038167364301667006,matrix_fp16_feed_shared,2273.8636926889717,linear_q4gsw_coopmat_tsweep_dbuf4_t128x128k16g22s32_buffer_texture2d_half,584347,w1_w3,0.002088503698354861,global_read,llama-3.1-8b,prefill,0.03756301009171694,4w,buffer,linear,coopmat
14336,2048,4096,0.1577988650129193,0.35881310990040516,10.957631281561707,compute,0.03274549952270946,matrix_fp16,0.03327234442798054,matrix_fp16_feed_shared,2273.8636926889717,linear_q4gsw_coopmat_tsweep_dbuf4_t128x128k16g22s32_texture3d_texture2d_half,670316,w2,0.001820650067464551,global_read,llama-3.1-8b,prefill,0.03274549952270946,4w,texture3d,linear,coopmat
14336,2048,4096,0.17511767598253708,0.3981937253647626,10.957631281561707,compute,0.03633939809918583,matrix_fp16,0.03692406551999876,matrix_fp16_feed_shared,2273.8636926889717,linear_q4gsw_coopmat_tsweep_dbuf4_t128x128k16g22s32_buffer_texture2d_half,604023,w2,0.002020470860584064,global_read,llama-3.1-8b,prefill,0.03633939809918583,4w,buffer,linear,coopmat
4096,1,4096,84.57392661982826,0.327424199843872,0.33554569702666276,memory,0.0402440801457195,alu_fp16,,,3.8714555765595464,linear_q4gsw_coop_texture3d_texture2d_half,102.48,wq_wo,0.9757961515979583,global_read,llama-3.1-8b,decode,0.9757961515979583,4w,texture3d,linear,coop
4096,1,4096,82.0596099223632,0.31769013444423405,0.33554569702666276,memory,0.03904765511582403,alu_fp16,,,3.8714555765595464,linear_q4gsw_coop_buffer_texture2d_half,105.62,wq_wo,0.9467864951312134,global_read,llama-3.1-8b,decode,0.9467864951312134,4w,buffer,linear,coop
4096,1,1024,59.207847411444135,0.22857242506811987,0.3345969344526005,memory,0.028094096276112625,alu_fp16,,,3.8605089538171535,linear_q4gsw_coop_texture3d_texture2d_half,36.7,wk_wv,0.6831276725295276,global_read,llama-3.1-8b,decode,0.6831276725295276,4w,texture3d,linear,coop
4096,1,1024,57.27274644175013,0.22110195044807593,0.3345969344526005,memory,0.027175891758917593,alu_fp16,,,3.8605089538171535,linear_q4gsw_coop_buffer_texture2d_half,37.94,wk_wv,0.6608008851300385,global_read,llama-3.1-8b,decode,0.6608008851300385,4w,buffer,linear,coop
4096,1,14336,86.37592888078413,0.33462648734898565,0.33577238645851426,memory,0.041129321480130696,alu_fp16,,,3.8740710714768274,linear_q4gsw_coop_texture3d_texture2d_half,350.96,w1_w3,0.9965872741305063,global_read,llama-3.1-8b,decode,0.9965872741305063,4w,texture3d,linear,coop
4096,1,14336,87.06058587018956,0.3372788971855256,0.33577238645851426,memory,0.04145533218456827,alu_fp16,,,3.8740710714768274,linear_q4gsw_coop_buffer_texture2d_half,348.2,w1_w3,1.0044867022654869,global_read,llama-3.1-8b,decode,1.0044867022654869,4w,buffer,linear,coop
14336,1,4096,79.69948469870648,0.30876146808286886,0.33577238645851426,memory,0.03795022259613699,alu_fp16,,,3.8740710714768274,linear_q4gsw_coop_texture3d_texture2d_half,380.36,w2,0.9195558674120371,global_read,llama-3.1-8b,decode,0.9195558674120371,4w,texture3d,linear,coop
14336,1,4096,78.60012445550716,0.3045024683675586,0.33577238645851426,memory,0.0374267441056489,alu_fp16,,,3.8740710714768274,linear_q4gsw_coop_buffer_texture2d_half,385.68,w2,0.9068716804834123,global_read,llama-3.1-8b,decode,0.9068716804834123,4w,buffer,linear,coop
3072,2048,3072,0.30421880508114024,0.39156694487327537,10.957631281561707,compute,0.03573463413869027,matrix_fp16,0.03630957146479942,matrix_fp16_feed_shared,1287.1227495908347,linear_q4gsw_coopmat_tsweep_dbuf4_t128x128k16g22s32_texture3d_texture2d_half,98718,wq_wo,0.0035100124956514503,global_read,llama-3.2-3b,prefill,0.03573463413869027,4w,texture3d,linear,coopmat
3072,2048,3072,0.3362572190585385,0.4328043163643937,10.957631281561707,compute,0.03949798138331859,matrix_fp16,0.04013346749785661,matrix_fp16_feed_shared,1287.1227495908347,linear_q4gsw_coopmat_tsweep_dbuf4_t128x128k16g22s32_buffer_texture2d_half,89312.2,wq_wo,0.0038796649678959857,global_read,llama-3.2-3b,prefill,0.03949798138331859,4w,buffer,linear,coopmat
3072,2048,1024,0.5954251318727549,0.41697362182453646,10.957631281561707,compute,0.03805326270890075,matrix_fp16,0.03866550463158765,matrix_fp16_feed_shared,700.2956366874444,linear_q4gsw_coopmat_tsweep_dbuf4_t128x128k16g22s32_texture3d_texture2d_half,30901,wk_wv,0.006869889757606727,global_read,llama-3.2-3b,prefill,0.03805326270890075,4w,texture3d,linear,coopmat
3072,2048,1024,0.6600337205214484,0.4622187345477504,10.957631281561707,compute,0.04218235882106392,matrix_fp16,0.04286103409434176,matrix_fp16_feed_shared,700.2956366874444,linear_q4gsw_coopmat_tsweep_dbuf4_t128x128k16g22s32_buffer_texture2d_half,27876.2,wk_wv,0.007615330044977632,global_read,llama-3.2-3b,prefill,0.04218235882106392,4w,buffer,linear,coopmat
3072,2048,8192,0.2127723279042563,0.3710221006172951,10.957631281561707,compute,0.03385969933498403,matrix_fp16,0.034404470688258866,matrix_fp16_feed_shared,1743.7516629711752,linear_q4gsw_coopmat_tsweep_dbuf4_t128x128k16g22s32_texture3d_texture2d_half,277825,w1_w3,0.002454922303286263,global_read,llama-3.2-3b,prefill,0.03385969933498403,4w,texture3d,linear,coopmat
3072,2048,8192,0.23938588633584137,0.41742953738995214,10.957631281561707,compute,0.03809486983672799,matrix_fp16,0.03870778117975167,matrix_fp16_feed_shared,1743.7516629711752,linear_q4gsw_coopmat_tsweep_dbuf4_t128x128k16g22s32_buffer_texture2d_half,246938,w1_w3,0.00276198393487639,global_read,llama-3.2-3b,prefill,0.03809486983672799,4w,buffer,linear,coopmat
8192,2048,3072,0.21332055385747947,0.371978070534912,10.957631281561707,compute,0.033946941722782335,matrix_fp16,0.034493116725664144,matrix_fp16_feed_shared,1743.7516629711752,linear_q4gsw_coopmat_tsweep_dbuf4_t128x128k16g22s32_texture3d_texture2d_half,277111,w2,0.002461247618862138,global_read,llama-3.2-3b,prefill,0.033946941722782335,4w,texture3d,linear,coopmat
8192,2048,3072,0.2380766182298547,0.4151464989528627,10.957631281561707,compute,0.037886518380247515,matrix_fp16,0.03849607754037728,matrix_fp16_feed_shared,1743.7516629711752,linear_q4gsw_coopmat_tsweep_dbuf4_t128x128k16g22s32_buffer_texture2d_half,248296,w2,0.0027468778752396572,global_read,llama-3.2-3b,prefill,0.037886518380247515,4w,buffer,linear,coopmat
3072,1,3072,77.68050955414013,0.3005472611464968,0.3353343962098953,memory,0.03694060509554141,alu_fp16,,,3.8690176322418135,linear_q4gsw_coop_texture3d_texture2d_half,62.8,wq_wo,0.8962613574492244,global_read,llama-3.2-3b,decode,0.8962613574492244,4w,texture3d,linear,coop
3072,1,3072,80.44749340369394,0.3112527704485488,0.3353343962098953,memory,0.03825643139841689,alu_fp16,,,3.8690176322418135,linear_q4gsw_coop_buffer_texture2d_half,60.64,wq_wo,0.9281862342976797,global_read,llama-3.2-3b,decode,0.9281862342976797,4w,buffer,linear,coop
3072,1,1024,50.88039950062422,0.1963625468164794,0.3344918474756996,memory,0.02413514357053683,alu_fp16,,,3.85929648241206,linear_q4gsw_coop_texture3d_texture2d_half,32.04,wk_wv,0.5870473325384855,global_read,llama-3.2-3b,decode,0.5870473325384855,4w,texture3d,linear,coop
3072,1,1024,51.98367346938775,0.20062040816326532,0.3344918474756996,memory,0.024658482142857145,alu_fp16,,,3.85929648241206,linear_q4gsw_coop_buffer_texture2d_half,31.36,wk_wv,0.5997766752083252,global_read,llama-3.2-3b,decode,0.5997766752083252,4w,buffer,linear,coop
3072,1,8192,84.75910276473655,0.32819280125195616,0.3355985638451639,memory,0.04033854981742306,alu_fp16,,,3.872065542776115,linear_q4gsw_coop_texture3d_texture2d_half,153.36,w1_w3,0.9779326749544002,global_read,llama-3.2-3b,decode,0.9779326749544002,4w,texture3d,linear,coop
3072,1,8192,85.40509855453352,0.3306941392904074,0.3355985638451639,memory,0.04064599211563733,alu_fp16,,,3.872065542776115,linear_q4gsw_coop_buffer_texture2d_half,152.2,w1_w3,0.9853860383114773,global_read,llama-3.2-3b,decode,0.9853860383114773,4w,buffer,linear,coop
8192,1,3072,81.1401747815231,0.31418007490636707,0.3355985638451639,memory,0.038616229712858934,alu_fp16,,,3.872065542776115,linear_q4gsw_coop_texture3d_texture2d_half,160.2,w2,0.9361782461361225,global_read,llama-3.2-3b,decode,0.9361782461361225,4w,texture3d,linear,coop
8192,1,3072,81.8761400856639,0.3170297808012094,0.3355985638451639,memory,0.038966490299823645,alu_fp16,,,3.872065542776115,linear_q4gsw_coop_buffer_texture2d_half,158.76,w2,0.9446696587994887,global_read,llama-3.2-3b,decode,0.9446696587994887,4w,buffer,linear,coop
2048,2048,2048,0.45908352502308764,0.4164221162064093,10.957631281561707,compute,0.038002931975555564,matrix_fp16,0.03861436412313358,matrix_fp16_feed_shared,907.0726643598616,linear_q4gsw_coopmat_tsweep_dbuf4_t128x128k16g22s32_texture3d_texture2d_half,41255.9,wq_wo,0.005296809015303865,global_read,llama-3.2-1b,prefill,0.038002931975555564,4w,texture3d,linear,coopmat
2048,2048,2048,0.5076102798302954,0.460439408982121,10.957631281561707,compute,0.0420199765032154,matrix_fp16,0.04269603919466943,matrix_fp16_feed_shared,907.0726643598616,linear_q4gsw_coopmat_tsweep_dbuf4_t128x128k16g22s32_buffer_texture2d_half,37311.9,wq_wo,0.005856700491116098,global_read,llama-3.2-1b,prefill,0.0420199765032154,4w,buffer,linear,coopmat
2048,2048,512,1.1810103208503455,0.4600219458380282,10.957631281561707,compute,0.04198187856641082,matrix_fp16,0.042657328297177145,matrix_fp16_feed_shared,389.5156017830609,linear_q4gsw_coopmat_tsweep_dbuf4_t128x128k16g22s32_texture3d_texture2d_half,9336.44,wk_wv,0.013626248326668712,global_read,llama-3.2-1b,prefill,0.04198187856641082,4w,texture3d,linear,coopmat
2048,2048,512,1.2606996345875046,0.49106217683403686,10.957631281561707,compute,0.04481462865613503,matrix_fp16,0.04553565472485406,matrix_fp16_feed_shared,389.5156017830609,linear_q4gsw_coopmat_tsweep_dbuf4_t128x128k16g22s32_buffer_texture2d_half,8746.28,wk_wv,0.014545686843668717,global_read,llama-3.2-1b,prefill,0.04481462865613503,4w,buffer,linear,coopmat
2048,2048,8192,0.28303269260891945,0.38443172109467655,10.957631281561707,compute,0.03508346933899445,matrix_fp16,0.035647930023665474,matrix_fp16_feed_shared,1358.259067357513,linear_q4gsw_coopmat_tsweep_dbuf4_t128x128k16g22s32_texture3d_texture2d_half,178756,w1_w3,0.0032655715923616685,global_read,llama-3.2-1b,prefill,0.03508346933899445,4w,texture3d,linear,coopmat
2048,2048,8192,0.3158854431367652,0.4290542673867574,10.957631281561707,compute,0.03915574966541561,matrix_fp16,0.03978572958705301,matrix_fp16_feed_shared,1358.259067357513,linear_q4gsw_coopmat_tsweep_dbuf4_t128x128k16g22s32_buffer_texture2d_half,160165,w1_w3,0.003644619708202181,global_read,llama-3.2-1b,prefill,0.03915574966541561,4w,buffer,linear,coopmat
8192,2048,2048,0.28250484114132557,0.38371476205259925,10.957631281561707,compute,0.035018039226988054,matrix_fp16,0.03558144720146488,matrix_fp16_feed_shared,1358.259067357513,linear_q4gsw_coopmat_tsweep_dbuf4_t128x128k16g22s32_texture3d_texture2d_half,179090,w2,0.003259481353309522,global_read,llama-3.2-1b,prefill,0.035018039226988054,4w,texture3d,linear,coopmat
8192,2048,2048,0.3116263966394422,0.4232693788634712,10.957631281561707,compute,0.03862781727066343,matrix_fp16,0.03924930324667298,matrix_fp16_feed_shared,1358.259067357513,linear_q4gsw_coopmat_tsweep_dbuf4_t128x128k16g22s32_buffer_texture2d_half,162354,w2,0.003595479726795782,global_read,llama-3.2-1b,prefill,0.03862781727066343,4w,buffer,linear,coopmat
2048,1,2048,64.0377581120944,0.24745156342182892,0.3349125919379332,memory,0.03041455260570305,alu_fp16,,,3.8641509433962264,linear_q4gsw_coop_texture3d_texture2d_half,33.9,wq_wo,0.7388541648732252,global_read,llama-3.2-1b,decode,0.7388541648732252,4w,texture3d,linear,coop
2048,1,2048,63.03368176538909,0.24357166085946577,0.3349125919379332,memory,0.029937669376693773,alu_fp16,,,3.8641509433962264,linear_q4gsw_coop_buffer_texture2d_half,34.44,wq_wo,0.7272693434727739,global_read,llama-3.2-1b,decode,0.7272693434727739,4w,buffer,linear,coop
2048,1,512,27.289600000000004,0.10485760000000001,0.3330275304448491,memory,0.01288816666666667,alu_fp16,,,3.8424015009380863,linear_q4gsw_coop_texture3d_texture2d_half,20,wk_wv,0.3148616568123785,global_read,llama-3.2-1b,decode,0.3148616568123785,4w,texture3d,linear,coop
2048,1,512,25.082352941176467,0.09637647058823529,0.3330275304448491,memory,0.011845741421568629,alu_fp16,,,3.8424015009380863,linear_q4gsw_coop_buffer_texture2d_half,21.76,wk_wv,0.2893949051584361,global_read,llama-3.2-1b,decode,0.2893949051584361,4w,buffer,linear,coop
2048,1,8192,84.383339820942,0.32653203581159984,0.33538719646122744,memory,0.04013442325158947,alu_fp16,,,3.8696268304204064,linear_q4gsw_coop_texture3d_texture2d_half,102.76,w1_w3,0.9735972012555606,global_read,llama-3.2-1b,decode,0.9735972012555606,4w,texture3d,linear,coop
2048,1,8192,84.94545454545454,0.32870721003134795,0.33538719646122744,memory,0.04040177638453501,alu_fp16,,,3.8696268304204064,linear_q4gsw_coop_buffer_texture2d_half,102.08,w1_w3,0.9800827625491908,global_read,llama-3.2-1b,decode,0.9800827625491908,4w,buffer,linear,coop
8192,1,2048,81.46591506952274,0.31524269071777533,0.33538719646122744,memory,0.03874683702868597,alu_fp16,,,3.8696268304204064,linear_q4gsw_coop_texture3d_texture2d_half,106.44,w2,0.9399365689686341,global_read,llama-3.2-1b,decode,0.9399365689686341,4w,texture3d,linear,coop
8192,1,2048,81.61927710843375,0.31583614457831327,0.33538719646122744,memory,0.03881977911646587,alu_fp16,,,3.8696268304204064,linear_q4gsw_coop_buffer_texture2d_half,106.24,w2,0.94170602787106,global_read,llama-3.2-1b,decode,0.94170602787106,4w,buffer,linear,coop
4096,2048,4096,4.006711994091021,8.134253699740535,14.392603042493672,compute,0.56516904382928,matrix_int8,0.5752480234479641,matrix_int8_feed_shared,2030.1568247821879,linear_dq8ca_q4gsw_coopmat_tsweep_dbuf4zpgtr_t128x64k32g42s32_texture3d_texture2d_half,8448.16,wq_wo,0.04622859905713266,global_read,llama-3.1-8b,prefill,0.56516904382928,8da4w,texture3d,linear,coopmat
4096,2048,4096,4.017888437040783,8.156943631671783,14.392603042493672,compute,0.5667455433592301,matrix_int8,0.5768526375868169,matrix_int8_feed_shared,2030.1568247821879,linear_dq8ca_q4gsw_coopmat_tsweep_dbuf4zpgtr_t128x64k32g42s32_buffer_texture2d_half,8424.66,wq_wo,0.04635755050180137,global_read,llama-3.1-8b,prefill,0.5667455433592301,8da4w,buffer,linear,coopmat
4096,2048,1024,6.613256897169473,7.6943161877463275,14.392603042493672,compute,0.5346021261775316,matrix_int8,0.5441359886434244,matrix_int8_feed_shared,1163.4685159500693,linear_dq8ca_q4gsw_coopmat_tsweep_dbuf4zpgtr_t128x64k32g42s32_texture3d_texture2d_half,2232.8,wk_wv,0.07630236513428813,global_read,llama-3.1-8b,prefill,0.5346021261775316,8da4w,texture3d,linear,coopmat
4096,2048,1024,6.646597047173209,7.7331064025927265,14.392603042493672,compute,0.5372972755352866,matrix_int8,0.5468792021259624,matrix_int8_feed_shared,1163.4685159500693,linear_dq8ca_q4gsw_coopmat_tsweep_dbuf4zpgtr_t128x64k32g42s32_buffer_texture2d_half,2221.6,wk_wv,0.07668703676262088,global_read,llama-3.1-8b,prefill,0.5372972755352866,8da4w,buffer,linear,coopmat
4096,2048,14336,3.3344700476596154,8.229004573543953,14.392603042493672,compute,0.5717523473167498,matrix_int8,0.5819487307147072,matrix_int8_feed_shared,2467.859796587375,linear_dq8ca_q4gsw_coopmat_tsweep_dbuf4zpgtr_t128x64k32g42s32_texture3d_texture2d_half,29228.1,w1_w3,0.038472413073015244,global_read,llama-3.1-8b,prefill,0.5717523473167498,8da4w,texture3d,linear,coopmat
4096,2048,14336,3.348573234839375,8.263809262188628,14.392603042493672,compute,0.5741705817766259,matrix_int8,0.5844100909191732,matrix_int8_feed_shared,2467.859796587375,linear_dq8ca_q4gsw_coopmat_tsweep_dbuf4zpgtr_t128x64k32g42s32_buffer_texture2d_half,29105,w1_w3,0.038635132676151755,global_read,llama-3.1-8b,prefill,0.5741705817766259,8da4w,buffer,linear,coopmat
14336,2048,4096,2.3689301230206685,7.453074542964272,14.392603042493672,compute,0.5178406241705772,matrix_int8,0.5270755692789977,matrix_int8_feed_shared,3146.1774539219887,linear_dq8ca_q4gsw_coopmat_tsweep_dbuf4zpgtr_t128x64k32g42s32_texture3d_texture2d_half,32271,w2,0.027332216793468547,global_read,llama-3.1-8b,prefill,0.5178406241705772,8da4w,texture3d,linear,coopmat
14336,2048,4096,2.3706343998660375,7.458436500350411,14.392603042493672,compute,0.5182131736927386,matrix_int8,0.5274547626877657,matrix_int8_feed_shared,3146.1774539219887,linear_dq8ca_q4gsw_coopmat_tsweep_dbuf4zpgtr_t128x64k32g42s32_buffer_texture2d_half,32247.8,w2,0.02735188038073988,global_read,llama-3.1-8b,prefill,0.5182131736927386,8da4w,buffer,linear,coopmat
4096,1,4096,84.5783667900994,0.32697750925745467,0.33507033528747987,memory,0.02790635353732216,dot_int8,,,3.8659709529379342,linear_dq8ca_q4gsw_coop_texture3d_texture2d_half_zpint8,102.62,wq_wo,0.9758473813473167,global_read,llama-3.1-8b,decode,0.9758473813473167,8da4w,texture3d,linear,coop
4096,1,4096,81.60428732606243,0.3154798044377586,0.33507033528747987,memory,0.026925065814215877,dot_int8,,,3.8659709529379342,linear_dq8ca_q4gsw_coop_buffer_texture2d_half_zpint8,106.36,wq_wo,0.9415330789193463,global_read,llama-3.1-8b,decode,0.9415330789193463,8da4w,buffer,linear,coop
4096,1,1024,60.90067264573992,0.2351067264573991,0.3345957025822299,memory,0.020065512892376684,dot_int8,,,3.8604947407562853,linear_dq8ca_q4gsw_coop_texture3d_texture2d_half_zpint8,35.68,wk_wv,0.702659133524345,global_read,llama-3.1-8b,decode,0.702659133524345,8da4w,texture3d,linear,coop
4096,1,1024,57.1223974763407,0.2205207150368034,0.3345957025822299,memory,0.018820649316508942,dot_int8,,,3.8604947407562853,linear_dq8ca_q4gsw_coop_buffer_texture2d_half_zpint8,38.04,wk_wv,0.6590661904350325,global_read,llama-3.1-8b,decode,0.6590661904350325,8da4w,buffer,linear,coop
4096,1,14336,86.69069940051384,0.33525695689409074,0.33518354161371855,memory,0.028612974593205824,dot_int8,,,3.867277103685515,linear_dq8ca_q4gsw_coop_texture3d_texture2d_half_zpint8,350.3,w1_w3,1.0002190300872733,global_read,llama-3.1-8b,decode,1.0002190300872733,8da4w,texture3d,linear,coop
4096,1,14336,87.03356643356643,0.33658291872062357,0.33518354161371855,memory,0.028726140662616074,dot_int8,,,3.867277103685515,linear_dq8ca_q4gsw_coop_buffer_texture2d_half_zpint8,348.92,w1_w3,1.0041749576968124,global_read,llama-3.1-8b,decode,1.0041749576968124,8da4w,buffer,linear,coop
14336,1,4096,79.69650893796005,0.30872900105152473,0.33574961513456697,memory,0.026348909043112517,dot_int8,,,3.8738083407374293,linear_dq8ca_q4gsw_coop_texture3d_texture2d_half_zpint8,380.4,w2,0.9195215337113268,global_read,llama-3.1-8b,decode,0.9195215337113268,8da4w,texture3d,linear,coop
14336,1,4096,78.45898550724638,0.3039350724637681,0.33574961513456697,memory,0.025939764492753627,dot_int8,,,3.8738083407374293,linear_dq8ca_q4gsw_coop_buffer_texture2d_half_zpint8,386.4,w2,0.9052432490263683,global_read,llama-3.1-8b,decode,0.9052432490263683,8da4w,buffer,linear,coop
3072,2048,3072,4.954122688543178,8.056689190135561,14.392603042493672,compute,0.5597798512436186,matrix_int8,0.5697627223389766,matrix_int8_feed_shared,1626.259520937446,linear_dq8ca_q4gsw_coopmat_tsweep_dbuf4zpgtr_t128x64k32g42s32_texture3d_texture2d_half,4797.84,wq_wo,0.05715962409733011,global_read,llama-3.2-3b,prefill,0.5597798512436186,8da4w,texture3d,linear,coopmat
3072,2048,3072,4.984562989929832,8.106193020085813,14.392603042493672,compute,0.5632193840233454,matrix_int8,0.5732635942546012,matrix_int8_feed_shared,1626.259520937446,linear_dq8ca_q4gsw_coopmat_tsweep_dbuf4zpgtr_t128x64k32g42s32_buffer_texture2d_half,4768.54,wq_wo,0.05751083788311188,global_read,llama-3.2-3b,prefill,0.5632193840233454,8da4w,buffer,linear,coopmat
3072,2048,1024,7.267651006711411,7.721058178331736,14.392603042493672,compute,0.5364601632891266,matrix_int8,0.546027161183053,matrix_int8_feed_shared,1062.387031408308,linear_dq8ca_q4gsw_coopmat_tsweep_dbuf4zpgtr_t128x64k32g42s32_texture3d_texture2d_half,1668.8,wk_wv,0.0838526265356511,global_read,llama-3.2-3b,prefill,0.5364601632891266,8da4w,texture3d,linear,coopmat
3072,2048,1024,7.31384463232545,7.770133687117823,14.392603042493672,compute,0.5398699362566151,matrix_int8,0.5494977425628542,matrix_int8_feed_shared,1062.387031408308,linear_dq8ca_q4gsw_coopmat_tsweep_dbuf4zpgtr_t128x64k32g42s32_buffer_texture2d_half,1658.26,wk_wv,0.08438559885825778,global_read,llama-3.2-3b,prefill,0.5398699362566151,8da4w,buffer,linear,coopmat
3072,2048,8192,4.218489132863116,8.224492955031437,14.392603042493672,compute,0.5714388794541821,matrix_int8,0.5816296726022268,matrix_int8_feed_shared,1949.6299969011466,linear_dq8ca_q4gsw_coopmat_tsweep_dbuf4zpgtr_t128x64k32g42s32_texture3d_texture2d_half,12533.2,w1_w3,0.048672039077827974,global_read,llama-3.2-3b,prefill,0.5714388794541821,8da4w,texture3d,linear,coopmat
3072,2048,8192,4.2458616812823236,8.277859296521154,14.392603042493672,compute,0.5751467800564676,matrix_int8,0.5854036982957687,matrix_int8_feed_shared,1949.6299969011466,linear_dq8ca_q4gsw_coopmat_tsweep_dbuf4zpgtr_t128x64k32g42s32_buffer_texture2d_half,12452.4,w1_w3,0.048987857776029806,global_read,llama-3.2-3b,prefill,0.5751467800564676,8da4w,buffer,linear,coopmat
8192,2048,3072,3.2319902349710103,7.863840029295087,14.392603042493672,compute,0.5463806655458617,matrix_int8,0.5561245813745979,matrix_int8_feed_shared,2433.126172290438,linear_dq8ca_q4gsw_coopmat_tsweep_dbuf4zpgtr_t128x64k32g42s32_texture3d_texture2d_half,13108,w2,0.03729002257945886,global_read,llama-3.2-3b,prefill,0.5463806655458617,8da4w,texture3d,linear,coopmat
8192,2048,3072,3.231645079103544,7.863000221520436,14.392603042493672,compute,0.5463223155884447,matrix_int8,0.556065190829346,matrix_int8_feed_shared,2433.126172290438,linear_dq8ca_q4gsw_coopmat_tsweep_dbuf4zpgtr_t128x64k32g42s32_buffer_texture2d_half,13109.4,w2,0.037286040243759956,global_read,llama-3.2-3b,prefill,0.5463223155884447,8da4w,buffer,linear,coopmat
3072,1,3072,77.62960609911055,0.2997834815756036,0.3347015396371596,memory,0.025585441153113092,dot_int8,,,3.861715866403686,linear_dq8ca_q4gsw_coop_texture3d_texture2d_half_zpint8,62.96,wq_wo,0.895674044106849,global_read,llama-3.2-3b,decode,0.895674044106849,8da4w,texture3d,linear,coop
3072,1,3072,78.67933032839665,0.3038372182871861,0.3347015396371596,memory,0.025931412990985194,dot_int8,,,3.861715866403686,linear_dq8ca_q4gsw_coop_buffer_texture2d_half_zpint8,62.12,wq_wo,0.9077855411617388,global_read,llama-3.2-3b,decode,0.9077855411617388,8da4w,buffer,linear,coop
3072,1,1024,57.559633027522935,0.22199915314043756,0.33428023202573826,memory,0.018946828687367682,dot_int8,,,3.8568549079228074,linear_dq8ca_q4gsw_coop_texture3d_texture2d_half_zpint8,28.34,wk_wv,0.6641109221299825,global_read,llama-3.2-3b,decode,0.6641109221299825,8da4w,texture3d,linear,coop
3072,1,1024,50.596774193548384,0.19514441687344913,0.33428023202573826,memory,0.016654873604218363,dot_int8,,,3.8568549079228074,linear_dq8ca_q4gsw_coop_buffer_texture2d_half_zpint8,32.24,wk_wv,0.5837749234852265,global_read,llama-3.2-3b,decode,0.5837749234852265,8da4w,buffer,linear,coop
3072,1,8192,84.88636955955174,0.3279362001563722,0.33483341614119677,memory,0.027988174354964823,dot_int8,,,3.863237429730219,linear_dq8ca_q4gsw_coop_texture3d_texture2d_half_zpint8,153.48,w1_w3,0.9794010524268698,global_read,llama-3.2-3b,decode,0.9794010524268698,8da4w,texture3d,linear,coop
3072,1,8192,85.21951857666144,0.32922323390894825,0.33483341614119677,memory,0.028098018053375202,dot_int8,,,3.863237429730219,linear_dq8ca_q4gsw_coop_buffer_texture2d_half_zpint8,152.88,w1_w3,0.9832448556153585,global_read,llama-3.2-3b,decode,0.9832448556153585,8da4w,buffer,linear,coop
8192,1,3072,81.22663668165916,0.3144155922038981,0.3354926404484373,memory,0.026834239130434787,dot_int8,,,3.870843420935248,linear_dq8ca_q4gsw_coop_texture3d_texture2d_half_zpint8,160.08,w2,0.9371758253284884,global_read,llama-3.2-3b,decode,0.9371758253284884,8da4w,texture3d,linear,coop
8192,1,3072,81.59362449799195,0.3158361445783132,0.3354926404484373,memory,0.026955478162650603,dot_int8,,,3.870843420935248,linear_dq8ca_q4gsw_coop_buffer_texture2d_half_zpint8,159.36,w2,0.9414100534549724,global_read,llama-3.2-3b,decode,0.9414100534549724,8da4w,buffer,linear,coop
2048,2048,2048,6.759063535355385,7.861776822683093,14.392603042493672,compute,0.5462373136722707,matrix_int8,0.5559786730258636,matrix_int8_feed_shared,1163.1458679977816,linear_dq8ca_q4gsw_coopmat_tsweep_dbuf4zpgtr_t128x64k32g42s32_texture3d_texture2d_half,2185.24,wq_wo,0.07798465141453624,global_read,llama-3.2-1b,prefill,0.5462373136722707,8da4w,texture3d,linear,coopmat
2048,2048,2048,6.8109268652586925,7.9221014405607315,14.392603042493672,compute,0.5504286762561988,matrix_int8,0.5602447825523555,matrix_int8_feed_shared,1163.1458679977816,linear_dq8ca_q4gsw_coopmat_tsweep_dbuf4zpgtr_t128x64k32g42s32_buffer_texture2d_half,2168.6,wq_wo,0.07858303959102701,global_read,llama-3.2-1b,prefill,0.5504286762561988,8da4w,buffer,linear,coopmat
2048,2048,512,11.880133185349612,7.448264594894561,14.392603042493672,compute,0.5175064283301508,matrix_int8,0.526735413534891,matrix_int8_feed_shared,626.9512705530643,linear_dq8ca_q4gsw_coopmat_tsweep_dbuf4zpgtr_t128x64k32g42s32_texture3d_texture2d_half,576.64,wk_wv,0.13707047438917747,global_read,llama-3.2-1b,prefill,0.5175064283301508,8da4w,texture3d,linear,coopmat
2048,2048,512,12.014732189834792,7.532651611771723,14.392603042493672,compute,0.5233696496409874,matrix_int8,0.5327031969917563,matrix_int8_feed_shared,626.9512705530643,linear_dq8ca_q4gsw_coopmat_tsweep_dbuf4zpgtr_t128x64k32g42s32_buffer_texture2d_half,570.18,wk_wv,0.1386234493524419,global_read,llama-3.2-1b,prefill,0.5233696496409874,8da4w,buffer,linear,coopmat
2048,2048,8192,5.481765073820118,8.110119638865614,14.392603042493672,compute,0.5634922060256063,matrix_int8,0.5735412816461298,matrix_int8_feed_shared,1479.4723104056438,linear_dq8ca_q4gsw_coopmat_tsweep_dbuf4zpgtr_t128x64k32g42s32_texture3d_texture2d_half,8473.3,w1_w3,0.06324745080174249,global_read,llama-3.2-1b,prefill,0.5634922060256063,8da4w,texture3d,linear,coopmat
2048,2048,8192,5.522105713674299,8.169802498513922,14.392603042493672,compute,0.5676389791612301,matrix_int8,0.5777620065354343,matrix_int8_feed_shared,1479.4723104056438,linear_dq8ca_q4gsw_coopmat_tsweep_dbuf4zpgtr_t128x64k32g42s32_buffer_texture2d_half,8411.4,w1_w3,0.06371289260746185,global_read,llama-3.2-1b,prefill,0.5676389791612301,8da4w,buffer,linear,coopmat
8192,2048,2048,3.7875329047508197,7.691147137510521,14.392603042493672,compute,0.5343819401398532,matrix_int8,0.5439118759034428,matrix_int8_feed_shared,2030.6482691842168,linear_dq8ca_q4gsw_coopmat_tsweep_dbuf4zpgtr_t128x64k32g42s32_texture3d_texture2d_half,8934.88,w2,0.043699756889849735,global_read,llama-3.2-1b,prefill,0.5343819401398532,8da4w,texture3d,linear,coopmat
8192,2048,2048,3.789331111768026,7.694798663477647,14.392603042493672,compute,0.5346356486563977,matrix_int8,0.5441701089476402,matrix_int8_feed_shared,2030.6482691842168,linear_dq8ca_q4gsw_coopmat_tsweep_dbuf4zpgtr_t128x64k32g42s32_buffer_texture2d_half,8930.64,w2,0.04372050422365929,global_read,llama-3.2-1b,prefill,0.5346356486563977,8da4w,buffer,linear,coopmat
2048,1,2048,66.29208282582216,0.2554387332521315,0.33396617394058536,memory,0.021800776492082823,dot_int8,,,3.8532313718861277,linear_dq8ca_q4gsw_coop_texture3d_texture2d_half_zpint8,32.84,wq_wo,0.7648640885935221,global_read,llama-3.2-1b,decode,0.7648640885935221,8da4w,texture3d,linear,coop
2048,1,2048,64.67712418300654,0.24921592394533576,0.33396617394058536,memory,0.021269682115270357,dot_int8,,,3.8532313718861277,linear_dq8ca_q4gsw_coop_buffer_texture2d_half_zpint8,33.66,wq_wo,0.746231035930222,global_read,llama-3.2-1b,decode,0.746231035930222,8da4w,buffer,linear,coop
2048,1,512,26.96640316205534,0.10361422924901187,0.3330226491325671,memory,0.008843101531620556,dot_int8,,,3.842345181385123,linear_dq8ca_q4gsw_coop_texture3d_texture2d_half_zpint8,20.24,wk_wv,0.3111326797708763,global_read,llama-3.2-1b,decode,0.3111326797708763,8da4w,texture3d,linear,coop
2048,1,512,25.31539888682746,0.0972705009276438,0.3330226491325671,memory,0.008301687152133582,dot_int8,,,3.842345181385123,linear_dq8ca_q4gsw_coop_buffer_texture2d_half_zpint8,21.56,wk_wv,0.2920837401930675,global_read,llama-3.2-1b,decode,0.2920837401930675,8da4w,buffer,linear,coop
2048,1,8192,84.69885146972942,0.32659560054506526,0.33420289111244844,memory,0.02787375900330933,dot_int8,,,3.8559625647555262,linear_dq8ca_q4gsw_coop_texture3d_texture2d_half_zpint8,102.74,w1_w3,0.977237508203292,global_read,llama-3.2-1b,decode,0.977237508203292,8da4w,texture3d,linear,coop
2048,1,8192,84.980078125,0.32768,0.33420289111244844,memory,0.027966308593750003,dot_int8,,,3.8559625647555262,linear_dq8ca_q4gsw_coop_buffer_texture2d_half_zpint8,102.4,w1_w3,0.9804822421172482,global_read,llama-3.2-1b,decode,0.9804822421172482,8da4w,buffer,linear,coop
8192,1,2048,81.52726588943213,0.3154798044377586,0.33538688703632713,memory,0.026925065814215877,dot_int8,,,3.8696232603410814,linear_dq8ca_q4gsw_coop_texture3d_texture2d_half_zpint8,106.36,w2,0.9406444218064723,global_read,llama-3.2-1b,decode,0.9406444218064723,8da4w,texture3d,linear,coop
8192,1,2048,81.89686437476388,0.3169100113335852,0.33538688703632713,memory,0.027047128825085007,dot_int8,,,3.8696232603410814,linear_dq8ca_q4gsw_coop_buffer_texture2d_half_zpint8,105.88,w2,0.9449087712819833,global_read,llama-3.2-1b,decode,0.9449087712819833,8da4w,buffer,linear,coop
