device,model,op,shape,M,N,K,scheme,kernel,in_type,acc_type,mma_shape,subgroup,kernel_ms,rate,unit,roof_register,roof_fed_shared,roof_fed_reuse,pct_register,pct_fed_shared,pct_fed_reuse,roof_source,rate_source,notes
"Jetson Orin Nano 8GB (nvgpu 595.78; 15 W mode as found, GPU 306-612 MHz)",1B,linear,wq_wo,2048,2048,2048,4w,sarc_linear_q4gsw_coopmat_orin_t256x128k16g42s32bt_texture3d_texture2d_half,float16,float16,16x16x16,32,2.866,5.994,TFLOP/s,9.684,9.517,9.517,61.9,63.0,63.0,"register: report/summary.json short_run.matrix_fp16 = matrix_fp16_16x16x16_c8 (confirmed, 3 repeats, spread 0.06%); fed shared: report/summary.json short_run.matrix_fp16_feed_shared = matrix_fp16_16x16x16_c8_lds (confirmed, 3 repeats, spread 0.01%); fed at reuse: report/summary.json short_run.matrix_fp16_feed_shared = matrix_fp16_16x16x16_c8_lds (confirmed, 3 repeats, spread 0.01%) at 64 ops/B","partB/linear-prefill/run1..5.json kernel_median_us, median of 5 fresh processes (each 3 warm-up + 5 timed), texture3d storage, --skip-correctness","kernel reuse 25.6 ops per loaded byte (subgroup tile 128x32 = 8x2 accumulators, K 16 per chunk: 8 A + 2 B loads of 16x16 fp16 (512 B), 16 MulAdd: 16*8192/(10*512)); reuse roof row at 64 ops/B (NEAREST PASSING ROW IS FAR: no quality-passing row nearer; context, not a matched ceiling); run-to-run spread 0.09%; in-model trace (tuning campaign s5-c1 gemm.csv, final arm, 32 calls): median 2.883 ms = 5.959 TFLOP/s, kernel same; build topic4: shaders compiled by the cross image's glslc, not the pinned one (accepted limitation)"
"Jetson Orin Nano 8GB (nvgpu 595.78; 15 W mode as found, GPU 306-612 MHz)",1B,linear,wk_wv,2048,512,2048,4w,sarc_linear_q4gsw_coopmat_orin_t256x128k16g42s32bt_texture3d_texture2d_half,float16,float16,16x16x16,32,0.7356,5.839,TFLOP/s,9.684,9.517,9.517,60.3,61.4,61.4,"register: report/summary.json short_run.matrix_fp16 = matrix_fp16_16x16x16_c8 (confirmed, 3 repeats, spread 0.06%); fed shared: report/summary.json short_run.matrix_fp16_feed_shared = matrix_fp16_16x16x16_c8_lds (confirmed, 3 repeats, spread 0.01%); fed at reuse: report/summary.json short_run.matrix_fp16_feed_shared = matrix_fp16_16x16x16_c8_lds (confirmed, 3 repeats, spread 0.01%) at 64 ops/B","partB/linear-prefill/run1..5.json kernel_median_us, median of 5 fresh processes (each 3 warm-up + 5 timed), texture3d storage, --skip-correctness","kernel reuse 25.6 ops per loaded byte (subgroup tile 128x32 = 8x2 accumulators, K 16 per chunk: 8 A + 2 B loads of 16x16 fp16 (512 B), 16 MulAdd: 16*8192/(10*512)); reuse roof row at 64 ops/B (NEAREST PASSING ROW IS FAR: no quality-passing row nearer; context, not a matched ceiling); run-to-run spread 0.30%; in-model trace (tuning campaign s5-c1 gemm.csv, final arm, 32 calls): median 0.7358 ms = 5.837 TFLOP/s, kernel same; build topic4: shaders compiled by the cross image's glslc, not the pinned one (accepted limitation)"
"Jetson Orin Nano 8GB (nvgpu 595.78; 15 W mode as found, GPU 306-612 MHz)",1B,linear,w1_w3,2048,8192,2048,4w,sarc_linear_q4gsw_coopmat_orin_t256x128k16g42s32bt_texture3d_texture2d_half,float16,float16,16x16x16,32,11.36,6.05,TFLOP/s,9.684,9.517,9.517,62.5,63.6,63.6,"register: report/summary.json short_run.matrix_fp16 = matrix_fp16_16x16x16_c8 (confirmed, 3 repeats, spread 0.06%); fed shared: report/summary.json short_run.matrix_fp16_feed_shared = matrix_fp16_16x16x16_c8_lds (confirmed, 3 repeats, spread 0.01%); fed at reuse: report/summary.json short_run.matrix_fp16_feed_shared = matrix_fp16_16x16x16_c8_lds (confirmed, 3 repeats, spread 0.01%) at 64 ops/B","partB/linear-prefill/run1..5.json kernel_median_us, median of 5 fresh processes (each 3 warm-up + 5 timed), texture3d storage, --skip-correctness","kernel reuse 25.6 ops per loaded byte (subgroup tile 128x32 = 8x2 accumulators, K 16 per chunk: 8 A + 2 B loads of 16x16 fp16 (512 B), 16 MulAdd: 16*8192/(10*512)); reuse roof row at 64 ops/B (NEAREST PASSING ROW IS FAR: no quality-passing row nearer; context, not a matched ceiling); run-to-run spread 0.15%; in-model trace (tuning campaign s5-c1 gemm.csv, final arm, 32 calls): median 11.38 ms = 6.037 TFLOP/s, kernel same; build topic4: shaders compiled by the cross image's glslc, not the pinned one (accepted limitation)"
"Jetson Orin Nano 8GB (nvgpu 595.78; 15 W mode as found, GPU 306-612 MHz)",1B,linear,w2,2048,2048,8192,4w,sarc_linear_q4gsw_coopmat_orin_t256x128k16g42s32bt_texture3d_texture2d_half,float16,float16,16x16x16,32,10.87,6.32,TFLOP/s,9.684,9.517,9.517,65.3,66.4,66.4,"register: report/summary.json short_run.matrix_fp16 = matrix_fp16_16x16x16_c8 (confirmed, 3 repeats, spread 0.06%); fed shared: report/summary.json short_run.matrix_fp16_feed_shared = matrix_fp16_16x16x16_c8_lds (confirmed, 3 repeats, spread 0.01%); fed at reuse: report/summary.json short_run.matrix_fp16_feed_shared = matrix_fp16_16x16x16_c8_lds (confirmed, 3 repeats, spread 0.01%) at 64 ops/B","partB/linear-prefill/run1..5.json kernel_median_us, median of 5 fresh processes (each 3 warm-up + 5 timed), texture3d storage, --skip-correctness","kernel reuse 25.6 ops per loaded byte (subgroup tile 128x32 = 8x2 accumulators, K 16 per chunk: 8 A + 2 B loads of 16x16 fp16 (512 B), 16 MulAdd: 16*8192/(10*512)); reuse roof row at 64 ops/B (NEAREST PASSING ROW IS FAR: no quality-passing row nearer; context, not a matched ceiling); run-to-run spread 0.18%; in-model trace (tuning campaign s5-c1 gemm.csv, final arm, 16 calls): median 10.93 ms = 6.289 TFLOP/s, kernel same; build topic4: shaders compiled by the cross image's glslc, not the pinned one (accepted limitation)"
"Jetson Orin Nano 8GB (nvgpu 595.78; 15 W mode as found, GPU 306-612 MHz)",1B,linear,wq_wo,2048,2048,2048,8da4w,sarc_linear_dq8ca_coopmat_zpgtr_orin_bf_t128x128k64g24s32mk32ra_texture3d_texture2d_half,sint8,sint32,16x16x32,32,3.388,5.071,TOP/s,19.51,17.41,9.138,26.0,29.1,55.5,"register: report/summary.json short_run.matrix_int8 = matrix_int8_16x16x32_c4 (confirmed, 3 repeats, spread 0.02%); fed shared: report/summary.json short_run.matrix_int8_feed_shared = matrix_int8_16x16x32_c8_lds (confirmed, 3 repeats, spread 0.05%); fed at reuse: reuse-confirm/shared/report/summary.json short_run.matrix_int8_feed_shared = matrix_int8_16x16x32_c2_lds (confirmed, 3 repeats, spread 0.65%) at 32 ops/B","partB/linear-prefill/run1..5.json kernel_median_us, median of 5 fresh processes (each 3 warm-up + 5 timed), texture3d storage, --skip-correctness","kernel reuse 42.67 ops per loaded byte (subgroup tile 32x64 = 2x4 accumulators, K 64 per chunk in 2 slabs of 32: 2*2 A (16x32 int8) + 2*4 B (32x16 int8) loads of 512 B, 2*4*2 MulAdd: 16*16384/(12*512)); reuse roof row at 32 ops/B; run-to-run spread 0.03%; in-model trace (tuning campaign s5-c1 gemm.csv, final arm, 32 calls): median 3.421 ms = 5.022 TOP/s, kernel same; build topic4: shaders compiled by the cross image's glslc, not the pinned one (accepted limitation)"
"Jetson Orin Nano 8GB (nvgpu 595.78; 15 W mode as found, GPU 306-612 MHz)",1B,linear,wk_wv,2048,512,2048,8da4w,sarc_linear_dq8ca_coopmat_zpgtr_orin_bf_t128x128k64g24s32mk32ra_texture3d_texture2d_half,sint8,sint32,16x16x32,32,0.8292,5.18,TOP/s,19.51,17.41,9.138,26.5,29.8,56.7,"register: report/summary.json short_run.matrix_int8 = matrix_int8_16x16x32_c4 (confirmed, 3 repeats, spread 0.02%); fed shared: report/summary.json short_run.matrix_int8_feed_shared = matrix_int8_16x16x32_c8_lds (confirmed, 3 repeats, spread 0.05%); fed at reuse: reuse-confirm/shared/report/summary.json short_run.matrix_int8_feed_shared = matrix_int8_16x16x32_c2_lds (confirmed, 3 repeats, spread 0.65%) at 32 ops/B","partB/linear-prefill/run1..5.json kernel_median_us, median of 5 fresh processes (each 3 warm-up + 5 timed), texture3d storage, --skip-correctness","kernel reuse 42.67 ops per loaded byte (subgroup tile 32x64 = 2x4 accumulators, K 64 per chunk in 2 slabs of 32: 2*2 A (16x32 int8) + 2*4 B (32x16 int8) loads of 512 B, 2*4*2 MulAdd: 16*16384/(12*512)); reuse roof row at 32 ops/B; run-to-run spread 0.34%; in-model trace (tuning campaign s5-c1 gemm.csv, final arm, 32 calls): median 0.8335 ms = 5.153 TOP/s, kernel same; build topic4: shaders compiled by the cross image's glslc, not the pinned one (accepted limitation)"
"Jetson Orin Nano 8GB (nvgpu 595.78; 15 W mode as found, GPU 306-612 MHz)",1B,linear,w1_w3,2048,8192,2048,8da4w,sarc_linear_dq8ca_coopmat_zpgtr_orin_bf_t128x128k64g24s32mk32ra_texture3d_texture2d_half,sint8,sint32,16x16x32,32,13.5,5.088,TOP/s,19.51,17.41,9.138,26.1,29.2,55.7,"register: report/summary.json short_run.matrix_int8 = matrix_int8_16x16x32_c4 (confirmed, 3 repeats, spread 0.02%); fed shared: report/summary.json short_run.matrix_int8_feed_shared = matrix_int8_16x16x32_c8_lds (confirmed, 3 repeats, spread 0.05%); fed at reuse: reuse-confirm/shared/report/summary.json short_run.matrix_int8_feed_shared = matrix_int8_16x16x32_c2_lds (confirmed, 3 repeats, spread 0.65%) at 32 ops/B","partB/linear-prefill/run1..5.json kernel_median_us, median of 5 fresh processes (each 3 warm-up + 5 timed), texture3d storage, --skip-correctness","kernel reuse 42.67 ops per loaded byte (subgroup tile 32x64 = 2x4 accumulators, K 64 per chunk in 2 slabs of 32: 2*2 A (16x32 int8) + 2*4 B (32x16 int8) loads of 512 B, 2*4*2 MulAdd: 16*16384/(12*512)); reuse roof row at 32 ops/B; run-to-run spread 0.11%; in-model trace (tuning campaign s5-c1 gemm.csv, final arm, 32 calls): median 13.6 ms = 5.053 TOP/s, kernel same; build topic4: shaders compiled by the cross image's glslc, not the pinned one (accepted limitation)"
"Jetson Orin Nano 8GB (nvgpu 595.78; 15 W mode as found, GPU 306-612 MHz)",1B,linear,w2,2048,2048,8192,8da4w,sarc_linear_dq8ca_coopmat_zpgtr_orin_bf_t128x128k64g24s32mk32ra_texture3d_texture2d_half,sint8,sint32,16x16x32,32,12.6,5.456,TOP/s,19.51,17.41,9.138,28.0,31.3,59.7,"register: report/summary.json short_run.matrix_int8 = matrix_int8_16x16x32_c4 (confirmed, 3 repeats, spread 0.02%); fed shared: report/summary.json short_run.matrix_int8_feed_shared = matrix_int8_16x16x32_c8_lds (confirmed, 3 repeats, spread 0.05%); fed at reuse: reuse-confirm/shared/report/summary.json short_run.matrix_int8_feed_shared = matrix_int8_16x16x32_c2_lds (confirmed, 3 repeats, spread 0.65%) at 32 ops/B","partB/linear-prefill/run1..5.json kernel_median_us, median of 5 fresh processes (each 3 warm-up + 5 timed), texture3d storage, --skip-correctness","kernel reuse 42.67 ops per loaded byte (subgroup tile 32x64 = 2x4 accumulators, K 64 per chunk in 2 slabs of 32: 2*2 A (16x32 int8) + 2*4 B (32x16 int8) loads of 512 B, 2*4*2 MulAdd: 16*16384/(12*512)); reuse roof row at 32 ops/B; run-to-run spread 0.16%; in-model trace (tuning campaign s5-c1 gemm.csv, final arm, 16 calls): median 12.7 ms = 5.412 TOP/s, kernel same; build topic4: shaders compiled by the cross image's glslc, not the pinned one (accepted limitation)"
"Jetson Orin Nano 8GB (nvgpu 595.78; 15 W mode as found, GPU 306-612 MHz)",3B,linear,wq_wo,2048,3072,3072,4w,sarc_linear_q4gsw_coopmat_orin_t256x128k16g42s32bt_texture3d_texture2d_half,float16,float16,16x16x16,32,6.292,6.144,TFLOP/s,9.684,9.517,9.517,63.4,64.6,64.6,"register: report/summary.json short_run.matrix_fp16 = matrix_fp16_16x16x16_c8 (confirmed, 3 repeats, spread 0.06%); fed shared: report/summary.json short_run.matrix_fp16_feed_shared = matrix_fp16_16x16x16_c8_lds (confirmed, 3 repeats, spread 0.01%); fed at reuse: report/summary.json short_run.matrix_fp16_feed_shared = matrix_fp16_16x16x16_c8_lds (confirmed, 3 repeats, spread 0.01%) at 64 ops/B","partB/linear-prefill/run1..5.json kernel_median_us, median of 5 fresh processes (each 3 warm-up + 5 timed), texture3d storage, --skip-correctness","kernel reuse 25.6 ops per loaded byte (subgroup tile 128x32 = 8x2 accumulators, K 16 per chunk: 8 A + 2 B loads of 16x16 fp16 (512 B), 16 MulAdd: 16*8192/(10*512)); reuse roof row at 64 ops/B (NEAREST PASSING ROW IS FAR: no quality-passing row nearer; context, not a matched ceiling); run-to-run spread 0.13%; in-model trace (tuning campaign s5-c1 gemm.csv, final arm, 56 calls): median 6.306 ms = 6.13 TFLOP/s, kernel same; build topic4: shaders compiled by the cross image's glslc, not the pinned one (accepted limitation)"
"Jetson Orin Nano 8GB (nvgpu 595.78; 15 W mode as found, GPU 306-612 MHz)",3B,linear,wk_wv,2048,1024,3072,4w,sarc_linear_q4gsw_coopmat_orin_t256x128k16g42s32bt_texture3d_texture2d_half,float16,float16,16x16x16,32,2.124,6.066,TFLOP/s,9.684,9.517,9.517,62.6,63.7,63.7,"register: report/summary.json short_run.matrix_fp16 = matrix_fp16_16x16x16_c8 (confirmed, 3 repeats, spread 0.06%); fed shared: report/summary.json short_run.matrix_fp16_feed_shared = matrix_fp16_16x16x16_c8_lds (confirmed, 3 repeats, spread 0.01%); fed at reuse: report/summary.json short_run.matrix_fp16_feed_shared = matrix_fp16_16x16x16_c8_lds (confirmed, 3 repeats, spread 0.01%) at 64 ops/B","partB/linear-prefill/run1..5.json kernel_median_us, median of 5 fresh processes (each 3 warm-up + 5 timed), texture3d storage, --skip-correctness","kernel reuse 25.6 ops per loaded byte (subgroup tile 128x32 = 8x2 accumulators, K 16 per chunk: 8 A + 2 B loads of 16x16 fp16 (512 B), 16 MulAdd: 16*8192/(10*512)); reuse roof row at 64 ops/B (NEAREST PASSING ROW IS FAR: no quality-passing row nearer; context, not a matched ceiling); run-to-run spread 0.19%; in-model trace (tuning campaign s5-c1 gemm.csv, final arm, 56 calls): median 2.128 ms = 6.056 TFLOP/s, kernel same; build topic4: shaders compiled by the cross image's glslc, not the pinned one (accepted limitation)"
"Jetson Orin Nano 8GB (nvgpu 595.78; 15 W mode as found, GPU 306-612 MHz)",3B,linear,w1_w3,2048,8192,3072,4w,sarc_linear_q4gsw_coopmat_orin_t256x128k16g42s32bt_texture3d_texture2d_half,float16,float16,16x16x16,32,16.66,6.186,TFLOP/s,9.684,9.517,9.517,63.9,65.0,65.0,"register: report/summary.json short_run.matrix_fp16 = matrix_fp16_16x16x16_c8 (confirmed, 3 repeats, spread 0.06%); fed shared: report/summary.json short_run.matrix_fp16_feed_shared = matrix_fp16_16x16x16_c8_lds (confirmed, 3 repeats, spread 0.01%); fed at reuse: report/summary.json short_run.matrix_fp16_feed_shared = matrix_fp16_16x16x16_c8_lds (confirmed, 3 repeats, spread 0.01%) at 64 ops/B","partB/linear-prefill/run1..5.json kernel_median_us, median of 5 fresh processes (each 3 warm-up + 5 timed), texture3d storage, --skip-correctness","kernel reuse 25.6 ops per loaded byte (subgroup tile 128x32 = 8x2 accumulators, K 16 per chunk: 8 A + 2 B loads of 16x16 fp16 (512 B), 16 MulAdd: 16*8192/(10*512)); reuse roof row at 64 ops/B (NEAREST PASSING ROW IS FAR: no quality-passing row nearer; context, not a matched ceiling); run-to-run spread 0.19%; in-model trace (tuning campaign s5-c1 gemm.csv, final arm, 56 calls): median 16.71 ms = 6.17 TFLOP/s, kernel same; build topic4: shaders compiled by the cross image's glslc, not the pinned one (accepted limitation)"
"Jetson Orin Nano 8GB (nvgpu 595.78; 15 W mode as found, GPU 306-612 MHz)",3B,linear,w2,2048,3072,8192,4w,sarc_linear_q4gsw_coopmat_orin_t256x128k16g42s32bt_texture3d_texture2d_half,float16,float16,16x16x16,32,16.22,6.355,TFLOP/s,9.684,9.517,9.517,65.6,66.8,66.8,"register: report/summary.json short_run.matrix_fp16 = matrix_fp16_16x16x16_c8 (confirmed, 3 repeats, spread 0.06%); fed shared: report/summary.json short_run.matrix_fp16_feed_shared = matrix_fp16_16x16x16_c8_lds (confirmed, 3 repeats, spread 0.01%); fed at reuse: report/summary.json short_run.matrix_fp16_feed_shared = matrix_fp16_16x16x16_c8_lds (confirmed, 3 repeats, spread 0.01%) at 64 ops/B","partB/linear-prefill/run1..5.json kernel_median_us, median of 5 fresh processes (each 3 warm-up + 5 timed), texture3d storage, --skip-correctness","kernel reuse 25.6 ops per loaded byte (subgroup tile 128x32 = 8x2 accumulators, K 16 per chunk: 8 A + 2 B loads of 16x16 fp16 (512 B), 16 MulAdd: 16*8192/(10*512)); reuse roof row at 64 ops/B (NEAREST PASSING ROW IS FAR: no quality-passing row nearer; context, not a matched ceiling); run-to-run spread 0.14%; in-model trace (tuning campaign s5-c1 gemm.csv, final arm, 28 calls): median 16.19 ms = 6.367 TFLOP/s, kernel same; build topic4: shaders compiled by the cross image's glslc, not the pinned one (accepted limitation)"
"Jetson Orin Nano 8GB (nvgpu 595.78; 15 W mode as found, GPU 306-612 MHz)",3B,linear,wq_wo,2048,3072,3072,8da4w,sarc_linear_dq8ca_coopmat_zpgtr_orin_bf_t128x128k64g24s32mk32ra_texture3d_texture2d_half,sint8,sint32,16x16x32,32,7.228,5.348,TOP/s,19.51,17.41,9.138,27.4,30.7,58.5,"register: report/summary.json short_run.matrix_int8 = matrix_int8_16x16x32_c4 (confirmed, 3 repeats, spread 0.02%); fed shared: report/summary.json short_run.matrix_int8_feed_shared = matrix_int8_16x16x32_c8_lds (confirmed, 3 repeats, spread 0.05%); fed at reuse: reuse-confirm/shared/report/summary.json short_run.matrix_int8_feed_shared = matrix_int8_16x16x32_c2_lds (confirmed, 3 repeats, spread 0.65%) at 32 ops/B","partB/linear-prefill/run1..5.json kernel_median_us, median of 5 fresh processes (each 3 warm-up + 5 timed), texture3d storage, --skip-correctness","kernel reuse 42.67 ops per loaded byte (subgroup tile 32x64 = 2x4 accumulators, K 64 per chunk in 2 slabs of 32: 2*2 A (16x32 int8) + 2*4 B (32x16 int8) loads of 512 B, 2*4*2 MulAdd: 16*16384/(12*512)); reuse roof row at 32 ops/B; run-to-run spread 0.21%; in-model trace (tuning campaign s5-c1 gemm.csv, final arm, 56 calls): median 7.291 ms = 5.302 TOP/s, kernel same; build topic4: shaders compiled by the cross image's glslc, not the pinned one (accepted limitation)"
"Jetson Orin Nano 8GB (nvgpu 595.78; 15 W mode as found, GPU 306-612 MHz)",3B,linear,wk_wv,2048,1024,3072,8da4w,sarc_linear_dq8ca_coopmat_zpgtr_orin_bf_t128x128k64g24s32mk32ra_texture3d_texture2d_half,sint8,sint32,16x16x32,32,2.411,5.344,TOP/s,19.51,17.41,9.138,27.4,30.7,58.5,"register: report/summary.json short_run.matrix_int8 = matrix_int8_16x16x32_c4 (confirmed, 3 repeats, spread 0.02%); fed shared: report/summary.json short_run.matrix_int8_feed_shared = matrix_int8_16x16x32_c8_lds (confirmed, 3 repeats, spread 0.05%); fed at reuse: reuse-confirm/shared/report/summary.json short_run.matrix_int8_feed_shared = matrix_int8_16x16x32_c2_lds (confirmed, 3 repeats, spread 0.65%) at 32 ops/B","partB/linear-prefill/run1..5.json kernel_median_us, median of 5 fresh processes (each 3 warm-up + 5 timed), texture3d storage, --skip-correctness","kernel reuse 42.67 ops per loaded byte (subgroup tile 32x64 = 2x4 accumulators, K 64 per chunk in 2 slabs of 32: 2*2 A (16x32 int8) + 2*4 B (32x16 int8) loads of 512 B, 2*4*2 MulAdd: 16*16384/(12*512)); reuse roof row at 32 ops/B; run-to-run spread 0.14%; in-model trace (tuning campaign s5-c1 gemm.csv, final arm, 56 calls): median 2.445 ms = 5.269 TOP/s, kernel same; build topic4: shaders compiled by the cross image's glslc, not the pinned one (accepted limitation)"
"Jetson Orin Nano 8GB (nvgpu 595.78; 15 W mode as found, GPU 306-612 MHz)",3B,linear,w1_w3,2048,8192,3072,8da4w,sarc_linear_dq8ca_coopmat_zpgtr_orin_bf_t128x128k64g24s32mk32ra_texture3d_texture2d_half,sint8,sint32,16x16x32,32,19.26,5.353,TOP/s,19.51,17.41,9.138,27.4,30.7,58.6,"register: report/summary.json short_run.matrix_int8 = matrix_int8_16x16x32_c4 (confirmed, 3 repeats, spread 0.02%); fed shared: report/summary.json short_run.matrix_int8_feed_shared = matrix_int8_16x16x32_c8_lds (confirmed, 3 repeats, spread 0.05%); fed at reuse: reuse-confirm/shared/report/summary.json short_run.matrix_int8_feed_shared = matrix_int8_16x16x32_c2_lds (confirmed, 3 repeats, spread 0.65%) at 32 ops/B","partB/linear-prefill/run1..5.json kernel_median_us, median of 5 fresh processes (each 3 warm-up + 5 timed), texture3d storage, --skip-correctness","kernel reuse 42.67 ops per loaded byte (subgroup tile 32x64 = 2x4 accumulators, K 64 per chunk in 2 slabs of 32: 2*2 A (16x32 int8) + 2*4 B (32x16 int8) loads of 512 B, 2*4*2 MulAdd: 16*16384/(12*512)); reuse roof row at 32 ops/B; run-to-run spread 0.13%; in-model trace (tuning campaign s5-c1 gemm.csv, final arm, 56 calls): median 19.41 ms = 5.312 TOP/s, kernel same; build topic4: shaders compiled by the cross image's glslc, not the pinned one (accepted limitation)"
"Jetson Orin Nano 8GB (nvgpu 595.78; 15 W mode as found, GPU 306-612 MHz)",3B,linear,w2,2048,3072,8192,8da4w,sarc_linear_dq8ca_coopmat_zpgtr_orin_bf_t128x128k64g24s32mk32ra_texture3d_texture2d_half,sint8,sint32,16x16x32,32,18.87,5.463,TOP/s,19.51,17.41,9.138,28.0,31.4,59.8,"register: report/summary.json short_run.matrix_int8 = matrix_int8_16x16x32_c4 (confirmed, 3 repeats, spread 0.02%); fed shared: report/summary.json short_run.matrix_int8_feed_shared = matrix_int8_16x16x32_c8_lds (confirmed, 3 repeats, spread 0.05%); fed at reuse: reuse-confirm/shared/report/summary.json short_run.matrix_int8_feed_shared = matrix_int8_16x16x32_c2_lds (confirmed, 3 repeats, spread 0.65%) at 32 ops/B","partB/linear-prefill/run1..5.json kernel_median_us, median of 5 fresh processes (each 3 warm-up + 5 timed), texture3d storage, --skip-correctness","kernel reuse 42.67 ops per loaded byte (subgroup tile 32x64 = 2x4 accumulators, K 64 per chunk in 2 slabs of 32: 2*2 A (16x32 int8) + 2*4 B (32x16 int8) loads of 512 B, 2*4*2 MulAdd: 16*16384/(12*512)); reuse roof row at 32 ops/B; run-to-run spread 0.09%; in-model trace (tuning campaign s5-c1 gemm.csv, final arm, 28 calls): median 19.04 ms = 5.415 TOP/s, kernel same; build topic4: shaders compiled by the cross image's glslc, not the pinned one (accepted limitation)"
"Jetson Orin Nano 8GB (nvgpu 595.78; 15 W mode as found, GPU 306-612 MHz)",8B,linear,wq_wo,2048,4096,4096,4w,sarc_linear_q4gsw_coopmat_orin_t256x128k16g42s32bt_texture3d_texture2d_half,float16,float16,16x16x16,32,11,6.249,TFLOP/s,9.684,9.517,9.517,64.5,65.7,65.7,"register: report/summary.json short_run.matrix_fp16 = matrix_fp16_16x16x16_c8 (confirmed, 3 repeats, spread 0.06%); fed shared: report/summary.json short_run.matrix_fp16_feed_shared = matrix_fp16_16x16x16_c8_lds (confirmed, 3 repeats, spread 0.01%); fed at reuse: report/summary.json short_run.matrix_fp16_feed_shared = matrix_fp16_16x16x16_c8_lds (confirmed, 3 repeats, spread 0.01%) at 64 ops/B","partB/linear-prefill/run1..5.json kernel_median_us, median of 5 fresh processes (each 3 warm-up + 5 timed), texture3d storage, --skip-correctness","kernel reuse 25.6 ops per loaded byte (subgroup tile 128x32 = 8x2 accumulators, K 16 per chunk: 8 A + 2 B loads of 16x16 fp16 (512 B), 16 MulAdd: 16*8192/(10*512)); reuse roof row at 64 ops/B (NEAREST PASSING ROW IS FAR: no quality-passing row nearer; context, not a matched ceiling); run-to-run spread 0.13%; in-model trace (tuning campaign s5-c1 gemm.csv, final arm, 64 calls): median 11.01 ms = 6.241 TFLOP/s, kernel same; build topic4: shaders compiled by the cross image's glslc, not the pinned one (accepted limitation)"
"Jetson Orin Nano 8GB (nvgpu 595.78; 15 W mode as found, GPU 306-612 MHz)",8B,linear,wk_wv,2048,1024,4096,4w,sarc_linear_q4gsw_coopmat_orin_t256x128k16g42s32bt_texture3d_texture2d_half,float16,float16,16x16x16,32,2.797,6.142,TFLOP/s,9.684,9.517,9.517,63.4,64.5,64.5,"register: report/summary.json short_run.matrix_fp16 = matrix_fp16_16x16x16_c8 (confirmed, 3 repeats, spread 0.06%); fed shared: report/summary.json short_run.matrix_fp16_feed_shared = matrix_fp16_16x16x16_c8_lds (confirmed, 3 repeats, spread 0.01%); fed at reuse: report/summary.json short_run.matrix_fp16_feed_shared = matrix_fp16_16x16x16_c8_lds (confirmed, 3 repeats, spread 0.01%) at 64 ops/B","partB/linear-prefill/run1..5.json kernel_median_us, median of 5 fresh processes (each 3 warm-up + 5 timed), texture3d storage, --skip-correctness","kernel reuse 25.6 ops per loaded byte (subgroup tile 128x32 = 8x2 accumulators, K 16 per chunk: 8 A + 2 B loads of 16x16 fp16 (512 B), 16 MulAdd: 16*8192/(10*512)); reuse roof row at 64 ops/B (NEAREST PASSING ROW IS FAR: no quality-passing row nearer; context, not a matched ceiling); run-to-run spread 0.72%; in-model trace (tuning campaign s5-c1 gemm.csv, final arm, 64 calls): median 2.798 ms = 6.14 TFLOP/s, kernel same; build topic4: shaders compiled by the cross image's glslc, not the pinned one (accepted limitation)"
"Jetson Orin Nano 8GB (nvgpu 595.78; 15 W mode as found, GPU 306-612 MHz)",8B,linear,w1_w3,2048,14336,4096,4w,sarc_linear_q4gsw_coopmat_orin_t256x128k16g42s32bt_texture3d_texture2d_half,float16,float16,16x16x16,32,38.36,6.27,TFLOP/s,9.684,9.517,9.517,64.7,65.9,65.9,"register: report/summary.json short_run.matrix_fp16 = matrix_fp16_16x16x16_c8 (confirmed, 3 repeats, spread 0.06%); fed shared: report/summary.json short_run.matrix_fp16_feed_shared = matrix_fp16_16x16x16_c8_lds (confirmed, 3 repeats, spread 0.01%); fed at reuse: report/summary.json short_run.matrix_fp16_feed_shared = matrix_fp16_16x16x16_c8_lds (confirmed, 3 repeats, spread 0.01%) at 64 ops/B","partB/linear-prefill/run1..5.json kernel_median_us, median of 5 fresh processes (each 3 warm-up + 5 timed), texture3d storage, --skip-correctness","kernel reuse 25.6 ops per loaded byte (subgroup tile 128x32 = 8x2 accumulators, K 16 per chunk: 8 A + 2 B loads of 16x16 fp16 (512 B), 16 MulAdd: 16*8192/(10*512)); reuse roof row at 64 ops/B (NEAREST PASSING ROW IS FAR: no quality-passing row nearer; context, not a matched ceiling); run-to-run spread 0.21%; in-model trace (tuning campaign s5-c1 gemm.csv, final arm, 64 calls): median 38.3 ms = 6.28 TFLOP/s, kernel same; build topic4: shaders compiled by the cross image's glslc, not the pinned one (accepted limitation)"
"Jetson Orin Nano 8GB (nvgpu 595.78; 15 W mode as found, GPU 306-612 MHz)",8B,linear,w2,2048,4096,14336,4w,sarc_dev_linear_q4gsw_coopmat_bx_t128x128k32g42s32f32c_texture3d_texture2d_half,float16,float32,16x16x16,32,41.17,5.841,TFLOP/s,9.731,8.829,8.227,60.0,66.2,71.0,"register: report/summary.json short_run.matrix_fp16_fp32 = matrix_fp16_fp32_16x16x16_c8 (confirmed, 3 repeats, spread 0.03%); fed shared: report/summary.json short_run.matrix_fp16_fp32_feed_shared = matrix_fp16_fp32_16x16x16_c8_lds (confirmed, 3 repeats, spread 0.88%); fed at reuse: reuse-confirm/shared/report/summary.json short_run.matrix_fp16_fp32_feed_shared = matrix_fp16_fp32_16x16x16_c2_lds (confirmed, 3 repeats, spread 0.15%) at 16 ops/B","partB/linear-prefill/run1..5.json kernel_median_us, median of 5 fresh processes (each 3 warm-up + 5 timed), texture3d storage, --skip-correctness","kernel reuse 21.33 ops per loaded byte (subgroup tile 64x32 = 4x2 accumulators, K 32 per chunk in 2 slabs: 2*4 A + 2*2 B loads, 2*2*4 MulAdd: 16*8192/(12*512)); reuse roof row at 16 ops/B; run-to-run spread 0.05%; in-model trace (tuning campaign s5-c1 gemm.csv, final arm, 32 calls): median 41.22 ms = 5.835 TFLOP/s, kernel same; build topic4: shaders compiled by the cross image's glslc, not the pinned one (accepted limitation)"
"Jetson Orin Nano 8GB (nvgpu 595.78; 15 W mode as found, GPU 306-612 MHz)",8B,linear,wq_wo,2048,4096,4096,8da4w,sarc_linear_dq8ca_coopmat_zpgtr_orin_bf_t128x128k64g24s32mk32ra_texture3d_texture2d_half,sint8,sint32,16x16x32,32,12.74,5.395,TOP/s,19.51,17.41,9.138,27.6,31.0,59.0,"register: report/summary.json short_run.matrix_int8 = matrix_int8_16x16x32_c4 (confirmed, 3 repeats, spread 0.02%); fed shared: report/summary.json short_run.matrix_int8_feed_shared = matrix_int8_16x16x32_c8_lds (confirmed, 3 repeats, spread 0.05%); fed at reuse: reuse-confirm/shared/report/summary.json short_run.matrix_int8_feed_shared = matrix_int8_16x16x32_c2_lds (confirmed, 3 repeats, spread 0.65%) at 32 ops/B","partB/linear-prefill/run1..5.json kernel_median_us, median of 5 fresh processes (each 3 warm-up + 5 timed), texture3d storage, --skip-correctness","kernel reuse 42.67 ops per loaded byte (subgroup tile 32x64 = 2x4 accumulators, K 64 per chunk in 2 slabs of 32: 2*2 A (16x32 int8) + 2*4 B (32x16 int8) loads of 512 B, 2*4*2 MulAdd: 16*16384/(12*512)); reuse roof row at 32 ops/B; run-to-run spread 0.08%; in-model trace (tuning campaign s5-c1 gemm.csv, final arm, 64 calls): median 12.84 ms = 5.354 TOP/s, kernel same; build topic4: shaders compiled by the cross image's glslc, not the pinned one (accepted limitation)"
"Jetson Orin Nano 8GB (nvgpu 595.78; 15 W mode as found, GPU 306-612 MHz)",8B,linear,wk_wv,2048,1024,4096,8da4w,sarc_linear_dq8ca_coopmat_zpgtr_orin_bf_t128x128k64g24s32mk32ra_texture3d_texture2d_half,sint8,sint32,16x16x32,32,3.195,5.378,TOP/s,19.51,17.41,9.138,27.6,30.9,58.9,"register: report/summary.json short_run.matrix_int8 = matrix_int8_16x16x32_c4 (confirmed, 3 repeats, spread 0.02%); fed shared: report/summary.json short_run.matrix_int8_feed_shared = matrix_int8_16x16x32_c8_lds (confirmed, 3 repeats, spread 0.05%); fed at reuse: reuse-confirm/shared/report/summary.json short_run.matrix_int8_feed_shared = matrix_int8_16x16x32_c2_lds (confirmed, 3 repeats, spread 0.65%) at 32 ops/B","partB/linear-prefill/run1..5.json kernel_median_us, median of 5 fresh processes (each 3 warm-up + 5 timed), texture3d storage, --skip-correctness","kernel reuse 42.67 ops per loaded byte (subgroup tile 32x64 = 2x4 accumulators, K 64 per chunk in 2 slabs of 32: 2*2 A (16x32 int8) + 2*4 B (32x16 int8) loads of 512 B, 2*4*2 MulAdd: 16*16384/(12*512)); reuse roof row at 32 ops/B; run-to-run spread 0.29%; in-model trace (tuning campaign s5-c1 gemm.csv, final arm, 64 calls): median 3.225 ms = 5.327 TOP/s, kernel same; build topic4: shaders compiled by the cross image's glslc, not the pinned one (accepted limitation)"
"Jetson Orin Nano 8GB (nvgpu 595.78; 15 W mode as found, GPU 306-612 MHz)",8B,linear,w1_w3,2048,14336,4096,8da4w,sarc_linear_dq8ca_coopmat_zpgtr_orin_bf_t128x128k64g24s32mk32ra_texture3d_texture2d_half,sint8,sint32,16x16x32,32,44.53,5.401,TOP/s,19.51,17.41,9.138,27.7,31.0,59.1,"register: report/summary.json short_run.matrix_int8 = matrix_int8_16x16x32_c4 (confirmed, 3 repeats, spread 0.02%); fed shared: report/summary.json short_run.matrix_int8_feed_shared = matrix_int8_16x16x32_c8_lds (confirmed, 3 repeats, spread 0.05%); fed at reuse: reuse-confirm/shared/report/summary.json short_run.matrix_int8_feed_shared = matrix_int8_16x16x32_c2_lds (confirmed, 3 repeats, spread 0.65%) at 32 ops/B","partB/linear-prefill/run1..5.json kernel_median_us, median of 5 fresh processes (each 3 warm-up + 5 timed), texture3d storage, --skip-correctness","kernel reuse 42.67 ops per loaded byte (subgroup tile 32x64 = 2x4 accumulators, K 64 per chunk in 2 slabs of 32: 2*2 A (16x32 int8) + 2*4 B (32x16 int8) loads of 512 B, 2*4*2 MulAdd: 16*16384/(12*512)); reuse roof row at 32 ops/B; run-to-run spread 0.07%; in-model trace (tuning campaign s5-c1 gemm.csv, final arm, 64 calls): median 44.9 ms = 5.357 TOP/s, kernel same; build topic4: shaders compiled by the cross image's glslc, not the pinned one (accepted limitation)"
"Jetson Orin Nano 8GB (nvgpu 595.78; 15 W mode as found, GPU 306-612 MHz)",8B,linear,w2,2048,4096,14336,8da4w,sarc_linear_dq8ca_coopmat_zpgtr_orin_bf_t128x128k64g24s32mk32ra_texture3d_texture2d_half,sint8,sint32,16x16x32,32,43.3,5.555,TOP/s,19.51,17.41,9.138,28.5,31.9,60.8,"register: report/summary.json short_run.matrix_int8 = matrix_int8_16x16x32_c4 (confirmed, 3 repeats, spread 0.02%); fed shared: report/summary.json short_run.matrix_int8_feed_shared = matrix_int8_16x16x32_c8_lds (confirmed, 3 repeats, spread 0.05%); fed at reuse: reuse-confirm/shared/report/summary.json short_run.matrix_int8_feed_shared = matrix_int8_16x16x32_c2_lds (confirmed, 3 repeats, spread 0.65%) at 32 ops/B","partB/linear-prefill/run1..5.json kernel_median_us, median of 5 fresh processes (each 3 warm-up + 5 timed), texture3d storage, --skip-correctness","kernel reuse 42.67 ops per loaded byte (subgroup tile 32x64 = 2x4 accumulators, K 64 per chunk in 2 slabs of 32: 2*2 A (16x32 int8) + 2*4 B (32x16 int8) loads of 512 B, 2*4*2 MulAdd: 16*16384/(12*512)); reuse roof row at 32 ops/B; run-to-run spread 0.12%; in-model trace (tuning campaign s5-c1 gemm.csv, final arm, 32 calls): median 43.63 ms = 5.513 TOP/s, kernel same; build topic4: shaders compiled by the cross image's glslc, not the pinned one (accepted limitation)"
"Jetson Orin Nano 8GB (nvgpu 595.78; 15 W mode as found, GPU 306-612 MHz)",1B,attention,fused_sdpa,2048,2048,64,-,sarc_dev_orin_sdpa_fused3sb_d64_t32x32g11s32rko,float16,float32,16x16x16,32,11.55,1.487,TFLOP/s,9.731,8.829,3.987,15.3,16.8,37.3,"register: report/summary.json short_run.matrix_fp16_fp32 = matrix_fp16_fp32_16x16x16_c8 (confirmed, 3 repeats, spread 0.03%); fed shared (context): report/summary.json short_run.matrix_fp16_fp32_feed_shared = matrix_fp16_fp32_16x16x16_c8_lds (confirmed, 3 repeats, spread 0.88%); fed at reuse (cache-fed): reuse-confirm/cache-c4/report/summary.json short_run.matrix_fp16_fp32_feed_cache = matrix_fp16_fp32_16x16x16_c4_gmem (confirmed, 3 repeats, spread 1.82%) at 32 ops/B","partB/sdpa-prefill/run1..5.json op total / coopmat op_mean_us, median of 5 fresh processes","S=2048 queries x 2048 keys, head_dim 64, 32 heads; rate counts 2*S*S*head_dim*heads (causal half of QK^T and of attention x V); kernel time is the suite's whole attention operator (op total, mean of 5 timed per process), kernel name from the run's '[sarc_dev] orin fused attention' line; K and V tiles are loaded from the storage buffer and only the exp scores from shared memory, so the shared-fed roof is context and the reuse roof is the cache-fed row nearest the kernel's 32 ops per buffer-loaded byte (per 32x32 block: QK^T 2*2*4 = 16 MulAdd with 8 K tiles from the buffer, eV 2*4*2 = 16 MulAdd with 8 V tiles from the buffer and 4 e tiles from shared: 32*8192/(20*512)); in-model trace (tuning campaign s5-c1 attention.csv, 4w final arm): fused kernel 10.76 ms per layer = 1.596 TFLOP/s; run-to-run spread 0.82%; build topic4: shaders compiled by the cross image's glslc, not the pinned one (accepted limitation)"
"Jetson Orin Nano 8GB (nvgpu 595.78; 15 W mode as found, GPU 306-612 MHz)",3B,attention,fused_sdpa,2048,2048,128,-,sarc_dev_orin_sdpa_fused3sb_d128_t16x64g11s32rko,float16,float32,16x16x16,32,13.89,1.855,TFLOP/s,9.731,8.829,2.223,19.1,21.0,83.5,"register: report/summary.json short_run.matrix_fp16_fp32 = matrix_fp16_fp32_16x16x16_c8 (confirmed, 3 repeats, spread 0.03%); fed shared (context): report/summary.json short_run.matrix_fp16_fp32_feed_shared = matrix_fp16_fp32_16x16x16_c8_lds (confirmed, 3 repeats, spread 0.88%); fed at reuse (cache-fed): reuse-confirm/cache-c2/report/summary.json short_run.matrix_fp16_fp32_feed_cache = matrix_fp16_fp32_16x16x16_c2_gmem (confirmed, 3 repeats, spread 0.66%) at 16 ops/B","partB/sdpa-prefill/run1..5.json op total / coopmat op_mean_us, median of 5 fresh processes","S=2048 queries x 2048 keys, head_dim 128, 24 heads; rate counts 2*S*S*head_dim*heads (causal half of QK^T and of attention x V); kernel time is the suite's whole attention operator (op total, mean of 5 timed per process), kernel name from the run's '[sarc_dev] orin fused attention' line; K and V tiles are loaded from the storage buffer and only the exp scores from shared memory, so the shared-fed roof is context and the reuse roof is the cache-fed row nearest the kernel's 16 ops per buffer-loaded byte (per 16x64 block: QK^T 1*4*8 = 32 MulAdd with 32 K tiles, eV 1*8*4 = 32 MulAdd with 32 V tiles and 4 e tiles from shared: 64*8192/(68*512)); in-model trace (tuning campaign s5-c1 attention.csv, 4w final arm): fused kernel 13.25 ms per layer = 1.945 TFLOP/s; run-to-run spread 0.34%; build topic4: shaders compiled by the cross image's glslc, not the pinned one (accepted limitation)"
"Jetson Orin Nano 8GB (nvgpu 595.78; 15 W mode as found, GPU 306-612 MHz)",8B,attention,fused_sdpa,2048,2048,128,-,sarc_dev_orin_sdpa_fused3sb_d128_t16x64g11s32rko,float16,float32,16x16x16,32,18.24,1.884,TFLOP/s,9.731,8.829,2.223,19.4,21.3,84.7,"register: report/summary.json short_run.matrix_fp16_fp32 = matrix_fp16_fp32_16x16x16_c8 (confirmed, 3 repeats, spread 0.03%); fed shared (context): report/summary.json short_run.matrix_fp16_fp32_feed_shared = matrix_fp16_fp32_16x16x16_c8_lds (confirmed, 3 repeats, spread 0.88%); fed at reuse (cache-fed): reuse-confirm/cache-c2/report/summary.json short_run.matrix_fp16_fp32_feed_cache = matrix_fp16_fp32_16x16x16_c2_gmem (confirmed, 3 repeats, spread 0.66%) at 16 ops/B","partB/sdpa-prefill/run1..5.json op total / coopmat op_mean_us, median of 5 fresh processes","S=2048 queries x 2048 keys, head_dim 128, 32 heads; rate counts 2*S*S*head_dim*heads (causal half of QK^T and of attention x V); kernel time is the suite's whole attention operator (op total, mean of 5 timed per process), kernel name from the run's '[sarc_dev] orin fused attention' line; K and V tiles are loaded from the storage buffer and only the exp scores from shared memory, so the shared-fed roof is context and the reuse roof is the cache-fed row nearest the kernel's 16 ops per buffer-loaded byte (per 16x64 block: QK^T 1*4*8 = 32 MulAdd with 32 K tiles, eV 1*8*4 = 32 MulAdd with 32 V tiles and 4 e tiles from shared: 64*8192/(68*512)); in-model trace (tuning campaign s5-c1 attention.csv, 4w final arm): fused kernel 17.55 ms per layer = 1.957 TFLOP/s; run-to-run spread 0.24%; build topic4: shaders compiled by the cross image's glslc, not the pinned one (accepted limitation)"
