model,scheme,build,qk_ms,softmax_ms,av_ms,fused_ms,kv_copy_ms,attention_ms,other_copy_ms,gemm_ms,dispatch_ms
1b,4w,cand,0.0,0.0,0.0,172.2,3.08,175.28,265.53,654.54,1225.21
1b,4w,parent,107.63,133.07,61.43,0.0,0.0,302.13,266.46,655.25,1359.22
1b,8da4w,cand,0.0,0.0,0.0,171.92,3.06,174.98,153.3,774.41,1333.9
1b,8da4w,parent,107.63,133.04,61.4,0.0,0.0,302.07,154.31,777.94,1469.88
3b,4w,cand,0.0,0.0,0.0,371.03,11.45,382.49,579.27,1860.37,3086.75
3b,4w,parent,198.42,173.94,143.6,0.0,0.0,515.96,580.5,1862.83,3236.57
3b,8da4w,cand,0.0,0.0,0.0,371.17,11.27,382.44,350.29,2164.78,3420.03
3b,8da4w,parent,198.78,174.18,143.59,0.0,0.0,516.55,351.33,2170.76,3571.03
8b,4w,cand,0.0,0.0,0.0,561.76,12.98,574.74,983.1,4651.6,6686.13
8b,4w,parent,301.15,265.86,216.14,0.0,0.0,783.15,985.18,4661.56,6916.63
8b,8da4w,cand,0.0,0.0,0.0,561.06,12.87,573.93,572.31,5297.01,7363.08
8b,8da4w,parent,301.02,265.97,216.26,0.0,0.0,783.25,574.22,5304.19,7588.57
