source,accepted,exclusion_reasons,validation_scope,name,family,median_seconds,min_seconds,cv,n,float_ops,integer_ops,logical_global_bytes,logical_shared_bytes
probe/alu_fp32_v4_c16_1fb35913d532.json,True,,pre_and_post,alu_fp32_v4_c16,alu,0.06384368,0.06376947200000001,0.0003759918467869108,21,46707769344,0,37748736,0
probe/alu_fp32_v4_c16_5d3ba1c53eef.json,True,,pre_and_post,alu_fp32_v4_c16,alu,0.063828096,0.063776288,0.00033934426338196196,21,46707769344,0,37748736,0
probe/alu_fp32_v4_c16_5ec0a7f4fac1.json,True,,pre_and_post,alu_fp32_v4_c16,alu,0.06384992,0.06376288000000001,0.0003858713446385402,21,46707769344,0,37748736,0
confirm/matrix_fp16_fp32_16x16x16_c2_gmem_4efb618b5737.json,True,,pre_and_post,matrix_fp16_fp32_16x16x16_c2_gmem,matrix,0.006507904,0.006494528,0.005006427985777017,21,5368709120,0,385875968,0
confirm/matrix_fp16_fp32_16x16x16_c2_gmem_fe0ed8b110c4.json,True,,pre_and_post,matrix_fp16_fp32_16x16x16_c2_gmem,matrix,0.006255552,0.00624064,0.0010564965844888385,21,13958643712,0,922746880,0
confirm/matrix_fp16_fp32_16x16x16_c2_gmem_a52cd8b1d28c.json,True,,pre_and_post,matrix_fp16_fp32_16x16x16_c2_gmem,matrix,0.006495072,0.006487456000000001,0.0014140827926077601,21,5368709120,0,385875968,0
confirm/matrix_fp16_fp32_16x16x16_c2_gmem_7fa971d07981.json,True,,pre_and_post,matrix_fp16_fp32_16x16x16_c2_gmem,matrix,0.006279072,0.006273568,0.0005023223663869659,21,13958643712,0,922746880,0
confirm/matrix_fp16_fp32_16x16x16_c2_gmem_44f7aaf3e8ef.json,True,fixed_cost,pre_and_post,matrix_fp16_fp32_16x16x16_c2_gmem,matrix,0.0062192,0.0062117760000000004,0.0018321445080770233,21,5100273664,0,369098752,0
confirm/matrix_fp16_fp32_16x16x16_c2_gmem_a2ee2508599b.json,True,,pre_and_post,matrix_fp16_fp32_16x16x16_c2_gmem,matrix,0.006781152,0.006768512000000001,0.0009856848087100992,21,15032385536,0,989855744,0
sweep-matrix-feed/matrix_fp16_fp32_16x16x16_c2_gmem_2a2361593b25.json,True,,pre_and_post,matrix_fp16_fp32_16x16x16_c2_gmem,matrix,0.0064837440000000005,0.006477184,0.0015208039200011849,21,5368709120,0,385875968,0
sweep-matrix-feed/matrix_fp16_fp32_16x16x16_c2_gmem_a0cf692d143d.json,True,,pre_and_post,matrix_fp16_fp32_16x16x16_c2_gmem,matrix,0.006075456000000001,0.0060585280000000005,0.0012506674573084936,21,13421772800,0,889192448,0
